year,titre,Oscar,Duration,GG,DGA,PGA,SAG,BAFTA,Notes TMDB,Release Quarter,imdbID,NotesIMDb,NotesRottenTomatoes,NotesMetacritic,Action,Adventure,Animation,Biography,Comedy,Crime,Documentary,Drama,Fantasy,History,Holiday,Horror,Kids & family,Lgbtq+,Musical,Mystery & thriller,Romance,Sci-fi,War,Western,Nommination Bafta,Nommination SAG,Nommination PGA,Nommination DGA,Nommination GG
1927,The Racket,0,,0,0,0,0,0,6.4,4,,,,,0,0,0,0,0,0,0,0,0,0,0,0,0,0,0,0,0,0,0,0,0,0,0,0,0
1927,7th Heaven,0,1h 59m,0,0,0,0,0,7.317,3,tt0018379,7.6,100.0,,0,0,0,0,0,0,0,1,0,0,0,0,0,0,0,0,0,0,0,0,0,0,0,0,0
1927,Wings,1,2h 19m,0,0,0,0,0,7.205,3,tt0018578,7.6,94.0,,0,0,0,0,0,0,0,0,0,1,0,0,0,0,0,0,0,0,1,0,0,0,0,0,0
1927,Sunrise,1,1h 50m,0,0,0,0,0,0.0,1,tt0018455,8.1,98.0,95.0,0,0,0,0,0,0,0,1,0,0,0,0,0,0,0,0,1,0,0,0,0,0,0,0,0
1927,The Crowd,0,,0,0,0,0,0,7.603,1,,,,,0,0,0,0,0,0,0,0,0,0,0,0,0,0,0,0,0,0,0,0,0,0,0,0,0
1927,Chang,0,1h 45m,0,0,0,0,0,6.4,1,tt0017743,6.9,94.0,,0,0,0,0,0,0,0,1,0,0,0,0,0,0,0,0,0,0,0,0,0,0,0,0,0
1928,Alibi,0,1h 30m,0,0,0,0,0,4.958,1,tt0019031,,,,0,0,0,0,0,1,0,1,0,0,0,0,0,0,0,0,0,0,0,0,0,0,0,0,0
1928,In Old Arizona,0,1h 37m,0,0,0,0,0,5.208,4,tt0020018,5.5,56.0,,0,0,0,0,0,0,0,0,0,0,0,0,0,0,0,0,0,0,0,1,0,0,0,0,0
1928,The Broadway Melody,1,1h 50m,0,0,0,0,0,5.2,1,,,,,0,0,0,0,0,0,0,0,0,0,0,0,0,0,1,0,0,0,0,0,0,0,0,0,0
1928,Hollywood Revue,0,,0,0,0,0,0,5.583,4,,,,,0,0,0,0,0,0,0,0,0,0,0,0,0,0,0,0,0,0,0,0,0,0,0,0,0
1928,The Patriot,0,1h 48m,0,0,0,0,0,7.175,2,tt0019257,,100.0,,0,0,0,0,0,0,0,1,0,1,0,0,0,0,0,0,0,0,0,0,0,0,0,0,0
1929,All Quiet on the Western Front,1,1h 45m,0,0,0,0,0,7.739,4,,,,,0,0,0,0,0,0,0,0,0,0,0,0,0,0,0,0,0,0,1,0,0,0,0,0,0
1929,The Big House,0,,0,0,0,0,0,6.75,2,,,,,0,0,0,0,0,0,0,0,0,0,0,0,0,0,0,0,0,0,0,0,0,0,0,0,0
1929,Disraeli,0,,0,0,0,0,0,5.438,4,tt0019823,6.1,,,0,0,0,0,0,0,0,0,0,0,0,0,0,0,0,0,0,0,0,0,0,0,0,0,0
1929,The Divorcee,0,,0,0,0,0,0,6.322,2,,,,,0,0,0,0,0,0,0,0,0,0,0,0,0,0,0,0,0,0,0,0,0,0,0,0,0
1929,The Love Parade,0,1h 47m,0,0,0,0,0,7.583,3,tt0020112,7.0,100.0,,0,0,0,0,1,0,0,0,0,0,0,0,0,0,1,0,0,0,0,0,0,0,0,0,0
1930,Cimarron,1,2h 27m,0,0,0,0,0,5.5,1,,,,,0,0,0,0,0,0,0,0,0,0,0,0,0,0,0,0,0,0,0,1,0,0,0,0,0
1930,East Lynne,0,,0,0,0,0,0,5.889,1,,,,,0,0,0,0,0,0,0,0,0,0,0,0,0,0,0,0,0,0,0,0,0,0,0,0,0
1930,The Front Page,0,1h 30m,0,0,0,0,0,7.283,4,,,,,0,0,0,0,1,0,0,1,0,0,0,0,0,0,0,0,0,0,0,0,0,0,0,0,0
1930,Skippy,0,1h 30m,0,0,0,0,0,6.176,2,,,,,0,0,0,0,1,0,0,0,0,0,0,0,0,0,0,0,1,0,0,0,0,0,0,0,0
1930,Trader Horn,0,2h 3m,0,0,0,0,0,5.25,1,,,,,0,1,0,0,0,0,0,0,0,0,0,0,0,0,0,0,0,0,0,0,0,0,0,0,0
1931,Arrowsmith,0,1h 48m,0,0,0,0,0,6.591,4,tt0021622,6.2,89.0,,0,0,0,0,0,0,0,1,0,0,0,0,0,0,0,0,0,0,0,0,0,0,0,0,0
1931,Bad Girl,0,1h 30m,0,0,0,0,0,6.2,3,tt0021635,6.4,,,0,0,0,0,0,0,0,1,0,0,0,0,0,0,0,0,0,0,0,0,0,0,0,0,0
1931,The Champ,0,1h 26m,0,0,0,0,0,6.992,3,tt0021730,7.2,96.0,,0,0,0,0,0,0,0,1,0,0,0,0,0,0,0,0,0,0,0,0,0,0,0,0,0
1931,Five Star Final,0,1h 29m,0,0,0,0,0,6.741,3,tt0021873,7.3,91.0,,0,0,0,0,0,1,0,1,0,0,0,0,0,0,0,0,0,0,0,0,0,0,0,0,0
1931,Grand Hotel,1,1h 55m,0,0,0,0,0,7.0,2,,,,,0,0,0,0,0,0,0,1,0,0,0,0,0,0,0,0,0,0,0,0,0,0,0,0,0
1931,One Hour with You,0,1h 20m,0,0,0,0,0,6.509,1,,,,,0,0,0,0,1,0,0,0,0,0,0,0,0,0,1,0,0,0,0,0,0,0,0,0,0
1931,Shanghai Express,0,,0,0,0,0,0,6.893,1,,,,,0,0,0,0,0,0,0,0,0,0,0,0,0,0,0,0,0,0,0,0,0,0,0,0,0
1931,The Smiling Lieutenant,0,1h 28m,0,0,0,0,0,7.0,3,tt0022074,7.2,,,0,0,0,0,1,0,0,0,0,0,0,0,0,0,1,0,0,0,0,0,0,0,0,0,0
1932,Cavalcade,1,1h 49m,0,0,0,0,0,5.515,1,tt0023876,5.8,66.0,73.0,0,0,0,0,0,0,0,1,0,0,0,0,0,0,0,0,0,0,0,0,0,0,0,0,0
1932,A Farewell to Arms,0,,0,0,0,0,0,6.236,4,tt0022879,6.4,94.0,,0,0,0,0,0,0,0,0,0,0,0,0,0,0,0,0,0,0,0,0,0,0,0,0,0
1932,42nd Street,0,1h 29m,0,0,0,0,0,6.888,1,,,,,0,0,0,0,1,0,0,0,0,0,0,0,0,0,1,0,0,0,0,0,0,0,0,0,0
1932,I Am a Fugitive from a Chain Gang,0,1h 33m,0,0,0,0,0,7.822,4,tt0023042,8.2,96.0,,0,0,0,0,0,0,0,1,0,0,0,0,0,0,0,0,0,0,0,0,0,0,0,0,0
1932,Lady for a Day,0,1h 35m,0,0,0,0,0,7.141,3,,,,,0,0,0,0,1,0,0,1,0,0,0,0,0,0,0,0,0,0,0,0,0,0,0,0,0
1932,Little Women,0,1h 10m,0,0,0,0,1,7.9,4,,,,,0,0,0,0,0,0,0,1,0,0,0,0,0,0,1,0,0,0,0,0,1,0,0,0,1
1932,The Private Life of Henry VIII,0,,0,0,0,0,0,6.309,3,,,,,0,0,0,0,0,0,0,0,0,0,0,0,0,0,0,0,0,0,0,0,0,0,0,0,0
1932,She Done Him Wrong,0,1h 6m,0,0,0,0,0,5.8,1,,,,,0,0,0,0,1,0,0,0,0,0,0,0,0,0,0,0,0,0,0,0,0,0,0,0,0
1932,Smilin' Through,0,,0,0,0,0,0,6.0,4,tt0023488,6.9,,,0,0,0,0,0,0,0,0,0,0,0,0,0,0,0,0,0,0,0,0,0,0,0,0,0
1932,State Fair,0,,0,0,0,0,0,6.612,3,,,,,0,0,0,0,0,0,0,0,0,0,0,0,0,0,0,0,0,0,0,0,0,0,0,0,0
1934,The Barretts of Wimpole Street,0,,0,0,0,0,0,6.188,3,tt0024865,6.9,,,0,0,0,0,0,0,0,0,0,0,0,0,0,0,0,0,0,0,0,0,0,0,0,0,0
1934,Cleopatra,0,1h 44m,0,0,0,0,0,7.053,2,tt0024991,6.8,82.0,,0,0,0,0,1,0,0,1,0,0,0,0,0,0,0,0,0,0,0,0,0,0,0,0,1
1934,Flirtation Walk,0,1h 37m,0,0,0,0,0,5.4,4,tt0025124,5.6,100.0,,0,0,0,0,1,0,0,0,0,0,0,0,0,0,1,0,0,0,0,0,0,0,0,0,0
1934,The Gay Divorcee,0,,0,0,0,0,0,6.872,4,tt0025164,7.4,93.0,80.0,0,0,0,0,0,0,0,0,0,0,0,0,0,0,0,0,0,0,0,0,0,0,0,0,0
1934,Here Comes the Navy,0,1h 26m,0,0,0,0,0,5.813,3,tt0025238,6.2,80.0,,0,0,0,0,1,0,0,1,0,0,0,0,0,0,0,0,0,0,0,0,0,0,0,0,0
1934,The House of Rothschild,0,1h 26m,0,0,0,0,0,6.067,2,tt0025272,6.5,100.0,,0,0,0,1,0,0,0,1,0,0,0,0,0,0,0,0,0,0,0,0,0,0,0,0,0
1934,Imitation of Life,0,1h 46m,1,0,0,0,0,7.4,4,tt0025301,7.5,88.0,72.0,0,0,0,0,0,0,0,1,0,0,0,0,0,0,0,0,0,0,0,0,0,0,0,0,1
1934,It Happened One Night,1,1h 45m,0,0,0,0,0,7.846,1,tt0025316,8.1,98.0,87.0,0,0,0,0,1,0,0,0,0,0,0,0,0,0,0,0,1,0,0,0,0,0,0,0,0
1934,One Night of Love,0,1h 20m,0,0,0,0,0,5.7,3,tt0025601,5.6,71.0,,0,0,0,0,0,0,0,0,0,0,0,0,0,0,1,0,0,0,0,0,0,0,0,0,0
1934,The Thin Man,0,1h 19m,0,0,0,0,0,7.5,2,tt0025878,7.9,98.0,86.0,0,0,0,0,0,0,0,0,0,0,0,1,0,0,0,0,0,0,0,0,0,0,0,0,0
1934,Viva Villa!,0,,0,0,0,0,0,6.316,2,tt0025948,6.3,60.0,,0,0,0,0,0,0,0,0,0,0,0,0,0,0,0,0,0,0,0,0,0,0,0,0,0
1934,The White Parade,0,1h 20m,0,0,0,0,0,6.0,4,tt0025986,6.9,57.0,,0,0,0,0,1,0,0,1,0,0,0,0,0,0,0,0,0,0,0,0,0,0,0,0,0
1935,Alice Adams,0,1h 39m,0,0,0,0,0,6.7,3,tt0026056,6.9,94.0,,0,0,0,0,1,0,0,1,0,0,0,0,0,0,0,0,0,0,0,0,0,0,0,0,0
1935,Broadway Melody of 1936,0,1h 45m,0,0,0,0,0,6.353,3,tt0026144,6.8,89.0,,0,0,0,0,1,0,0,0,0,0,0,0,0,0,1,0,0,0,0,0,0,0,0,0,0
1935,Captain Blood,0,1h 58m,0,0,0,0,0,6.664,4,tt0026174,7.7,100.0,89.0,0,1,0,0,0,0,0,0,0,0,0,0,0,0,0,0,0,0,0,0,0,0,0,0,0
1935,David Copperfield,0,1h 12m,0,0,0,0,0,6.6,1,tt0026266,7.4,100.0,91.0,0,0,0,0,0,0,0,1,0,0,0,0,1,0,0,0,0,0,0,0,0,0,0,0,0
1935,The Informer,0,1h 39m,0,0,0,0,0,6.533,3,tt0026529,7.4,94.0,65.0,0,0,0,0,0,0,0,0,0,0,0,0,0,0,0,1,0,0,0,0,0,0,0,0,0
1935,Les Miserables,0,5h 59m,0,0,0,0,0,6.9,1,tt0026725,7.7,85.0,,0,0,0,0,0,0,0,1,0,0,0,0,0,0,0,0,0,0,0,0,1,0,0,0,0
1935,The Lives of a Bengal Lancer,0,,0,0,0,0,0,6.75,1,tt0026643,7.0,100.0,,0,0,0,0,0,0,0,0,0,0,0,0,0,0,0,0,0,0,0,0,0,0,0,0,0
1935,A Midsummer Night's Dream,0,,0,0,0,0,0,6.439,2,tt0026714,6.8,92.0,,0,0,0,0,0,0,0,0,0,0,0,0,0,0,0,0,0,0,0,0,0,0,0,0,0
1935,Mutiny on the Bounty,1,2h 12m,0,0,0,0,0,7.023,4,tt0026752,7.6,96.0,87.0,0,1,0,0,0,0,0,0,0,0,0,0,0,0,0,0,0,0,0,0,0,0,0,0,1
1935,Naughty Marietta,0,1h 46m,0,0,0,0,0,4.333,1,tt0026768,6.5,56.0,,0,0,0,0,1,0,0,0,0,0,0,0,0,0,1,0,0,0,0,0,0,0,0,0,0
1935,Ruggles of Red Gap,0,1h 32m,0,0,0,0,0,7.016,1,tt0026955,7.6,100.0,,0,0,0,0,1,0,0,0,0,0,0,0,0,0,0,0,0,0,0,0,0,0,0,0,0
1935,Top Hat,0,1h 39m,0,0,0,0,0,7.3,3,tt0027125,7.7,100.0,93.0,0,0,0,0,0,0,0,0,0,0,0,0,0,0,1,0,1,0,0,0,0,0,0,0,0
1936,Anthony Adverse,0,2h 20m,0,0,0,0,0,5.935,3,tt0027300,6.3,20.0,,0,0,0,0,0,0,0,0,0,0,0,0,0,0,0,0,1,0,0,0,0,0,0,0,0
1936,Dodsworth,0,1h 41m,0,0,0,0,0,7.159,3,tt0027532,7.8,90.0,,0,0,0,0,0,0,0,1,0,0,0,0,0,0,0,0,0,0,0,0,0,0,0,0,0
1936,The Great Ziegfeld,1,2h 54m,0,0,0,0,0,6.228,2,tt0027698,6.6,72.0,69.0,0,0,0,0,0,0,0,0,0,0,0,0,0,0,1,0,0,0,0,0,0,0,0,0,0
1936,Libeled Lady,0,1h 38m,0,0,0,0,0,7.3,4,tt0027884,7.8,87.0,,0,0,0,0,1,0,0,0,0,0,0,0,0,0,0,0,0,0,0,0,0,0,0,0,0
1936,Mr. Deeds Goes to Town,0,,0,0,0,0,0,7.495,2,tt0027996,7.8,91.0,,0,0,0,0,0,0,0,0,0,0,0,0,0,0,0,0,0,0,0,0,0,0,0,0,0
1936,Romeo and Juliet,0,3h 3m,1,0,0,0,0,7.35,2,tt0028203,6.5,78.0,,0,0,0,0,0,0,0,1,0,0,0,0,0,0,0,0,0,0,0,0,0,0,0,0,1
1936,San Francisco,0,1h 55m,0,0,0,0,0,6.719,2,tt0028216,7.2,92.0,,0,1,0,0,0,0,0,0,0,0,0,0,0,0,0,0,0,0,0,0,0,0,0,0,0
1936,The Story of Louis Pasteur,0,,0,0,0,0,0,6.789,1,tt0028313,7.3,100.0,,0,0,0,0,0,0,0,0,0,0,0,0,0,0,0,0,0,0,0,0,0,0,0,0,0
1936,A Tale of Two Cities,0,30m,0,0,0,0,0,6.712,4,,,,,0,0,0,0,0,0,0,1,0,0,0,0,0,0,0,0,0,0,0,0,0,0,0,0,0
1936,Three Smart Girls,0,1h 24m,0,0,0,0,0,6.438,4,tt0028373,6.6,86.0,,0,0,0,0,0,0,0,0,0,0,0,0,1,0,1,0,0,0,0,0,0,0,0,0,0
1937,The Awful Truth,0,,0,0,0,0,0,7.245,4,tt0028597,7.7,90.0,87.0,0,0,0,0,0,0,0,0,0,0,0,0,0,0,0,0,0,0,0,0,0,0,0,0,0
1937,Captains Courageous,0,1h 40m,0,0,0,0,0,7.4,2,tt0028691,7.9,94.0,81.0,0,1,0,0,0,0,0,0,0,0,0,0,0,0,0,0,0,0,0,0,0,0,0,0,0
1937,Dead End,0,1h 34m,0,0,0,0,0,6.358,4,tt0028773,7.2,83.0,,0,0,0,0,0,0,0,0,0,0,0,0,0,0,0,1,0,0,0,0,0,0,0,0,0
1937,The Good Earth,0,,0,0,0,0,0,6.205,2,tt0028944,7.5,95.0,,0,0,0,0,0,0,0,0,0,0,0,0,0,0,0,0,0,0,0,0,0,0,0,0,0
1937,In Old Chicago,0,1h 35m,0,0,0,0,0,6.441,2,,,,,0,0,0,0,0,0,0,1,0,1,0,0,0,0,0,0,0,0,0,0,0,0,0,0,0
1937,The Life of Emile Zola,1,,0,0,0,0,0,6.581,3,tt0029146,7.2,92.0,,0,0,0,0,0,0,0,0,0,0,0,0,0,0,0,0,0,0,0,0,0,0,0,0,0
1937,Lost Horizon,0,2h 12m,0,0,0,0,0,7.047,1,tt0029162,7.6,93.0,,0,1,0,0,0,0,0,0,0,0,0,0,0,0,0,0,0,0,0,0,0,0,0,0,0
1937,One Hundred Men and a Girl,0,,0,0,0,0,0,6.3,3,tt0029347,6.7,88.0,,0,0,0,0,0,0,0,0,0,0,0,0,0,0,0,0,0,0,0,0,0,0,0,0,0
1937,Stage Door,0,1h 32m,0,0,0,0,0,6.9,4,tt0029604,7.7,96.0,,0,0,0,0,1,0,0,1,0,0,0,0,0,0,0,0,0,0,0,0,0,0,0,0,0
1937,A Star Is Born,0,2h 15m,0,0,0,0,1,7.501,4,tt0029606,7.3,100.0,77.0,0,0,0,0,0,0,0,1,0,0,0,0,0,0,0,0,1,0,0,0,1,0,0,0,0
1938,The Adventures of Robin Hood,0,50m,0,0,0,0,0,7.439,2,tt0029843,7.9,100.0,97.0,0,1,0,0,0,0,0,0,0,0,0,0,1,0,0,0,0,0,0,0,0,0,0,0,0
1938,Alexander's Ragtime Band,0,,0,0,0,0,0,6.604,2,tt0029852,6.8,80.0,,0,0,0,0,0,0,0,0,0,0,0,0,0,0,0,0,0,0,0,0,0,0,0,0,0
1938,Boys Town,0,1h 36m,0,0,0,0,0,6.704,3,tt0029942,7.2,90.0,,0,0,0,0,0,0,0,1,0,0,0,0,0,0,0,0,0,0,0,0,0,0,0,0,0
1938,The Citadel,0,1h 52m,0,0,0,0,0,6.3,4,tt0029995,7.1,89.0,,0,0,0,0,0,0,0,1,0,0,0,0,0,0,0,0,0,0,0,0,0,0,0,0,0
1938,Four Daughters,0,1h 30m,0,0,0,0,0,7.6,3,tt0030149,6.9,100.0,,0,0,0,0,0,0,0,0,0,0,0,0,0,0,0,0,1,0,0,0,0,0,0,0,0
1938,Grand Illusion,0,1h 57m,0,0,0,0,0,7.847,2,,,,,0,0,0,0,0,0,0,1,0,0,0,0,0,0,0,0,0,0,1,0,0,0,0,0,0
1938,Jezebel,0,1h 44m,0,0,0,0,0,7.066,1,tt0030287,7.4,96.0,,0,0,0,0,0,0,0,1,0,0,0,0,0,0,0,0,0,0,0,0,0,0,0,0,0
1938,Pygmalion,0,1h 50m,0,0,0,0,0,6.976,1,tt0030637,7.7,94.0,,0,0,0,0,1,0,0,0,0,0,0,0,0,0,0,0,1,0,0,0,0,0,0,0,0
1938,Test Pilot,0,,0,0,0,0,0,6.555,2,tt0030848,6.8,67.0,,0,0,0,0,0,0,0,0,0,0,0,0,0,0,0,0,0,0,0,0,0,0,0,0,0
1938,You Can't Take It with You,1,,0,0,0,0,0,7.5,3,tt0030993,7.8,95.0,,0,0,0,0,0,0,0,0,0,0,0,0,0,0,0,0,0,0,0,0,0,0,0,0,0
1939,Dark Victory,0,1h 46m,0,0,0,0,0,6.932,2,tt0031210,7.4,85.0,,0,0,0,0,0,0,0,1,0,0,0,0,0,0,0,0,0,0,0,0,0,0,0,0,0
1939,Gone with the Wind,1,3h 42m,0,0,0,0,0,7.959,4,tt0031381,8.2,90.0,97.0,0,0,0,0,0,0,0,0,0,1,0,0,0,0,0,0,1,0,0,0,0,0,0,0,0
1939,"Goodbye, Mr. Chips",0,,1,0,0,0,0,7.415,3,tt0031385,7.9,84.0,,0,0,0,0,0,0,0,0,0,0,0,0,0,0,0,0,0,0,0,0,0,0,0,0,1
1939,Love Affair,0,1h 8m,0,0,0,0,0,7.07,2,tt0031593,7.3,,91.0,0,0,0,0,0,0,0,0,0,0,0,0,0,0,0,0,1,0,0,0,0,0,0,0,0
1939,Mr. Smith Goes to Washington,0,,0,0,0,0,0,7.9,4,tt0031679,8.1,85.0,73.0,0,0,0,0,0,0,0,0,0,0,0,0,0,0,0,0,0,0,0,0,0,0,0,0,0
1939,Ninotchka,0,1h 50m,0,0,0,0,0,7.499,4,tt0031725,7.8,95.0,,0,0,0,0,1,0,0,0,0,0,0,0,0,0,0,0,0,0,0,0,0,0,0,0,0
1939,Of Mice and Men,0,,0,0,0,0,0,7.3,3,tt0031742,7.8,100.0,89.0,0,0,0,0,0,0,0,0,0,0,0,0,0,0,0,0,0,0,0,0,0,0,0,0,0
1939,Stagecoach,0,1h 40m,0,0,0,0,0,7.641,1,tt0031971,7.8,100.0,93.0,0,0,0,0,0,0,0,0,0,0,0,0,0,0,0,0,0,0,0,1,0,0,0,0,0
1939,The Wizard of Oz,0,1h 41m,0,0,0,0,0,7.577,3,tt0032138,8.1,98.0,92.0,0,0,0,0,0,0,0,0,1,0,0,0,1,0,0,0,0,0,0,0,0,0,0,0,0
1939,Wuthering Heights,0,1h 45m,0,0,0,0,0,6.625,4,tt0032145,7.5,96.0,,0,0,0,0,0,0,0,1,0,0,0,0,0,0,0,0,0,0,0,0,0,0,0,0,1
1940,"All This, and Heaven Too",0,,0,0,0,0,0,7.311,3,tt0032194,7.4,83.0,,0,0,0,0,0,0,0,0,0,0,0,0,0,0,0,0,0,0,0,0,0,0,0,0,0
1940,Foreign Correspondent,0,1h 59m,0,0,0,0,0,6.971,3,tt0032484,7.4,95.0,89.0,0,0,0,0,0,0,0,0,0,0,0,0,0,0,0,1,0,0,0,0,0,0,0,0,0
1940,The Grapes of Wrath,0,,0,0,0,0,0,7.8,1,tt0032551,8.1,100.0,96.0,0,0,0,0,0,0,0,0,0,0,0,0,0,0,0,0,0,0,0,0,0,0,0,0,0
1940,The Great Dictator,0,,0,0,0,0,0,8.3,4,tt0032553,8.4,92.0,,0,0,0,0,0,0,0,0,0,0,0,0,0,0,0,0,0,0,0,0,0,0,0,0,0
1940,Kitty Foyle,0,1h 48m,0,0,0,0,0,6.632,4,tt0032671,6.9,73.0,,0,0,0,0,0,0,0,1,0,0,0,0,0,0,0,0,0,0,0,0,0,0,0,0,0
1940,The Letter,0,14m,0,0,0,0,0,7.29,4,tt0032701,7.5,100.0,,0,0,0,0,0,0,0,1,0,0,0,0,0,0,0,0,0,0,0,0,0,0,0,0,0
1940,The Long Voyage Home,0,1h 44m,0,0,0,0,0,6.486,4,tt0032728,6.9,,,0,0,0,0,0,0,0,1,0,0,0,0,0,0,0,0,0,0,0,0,0,0,0,0,0
1940,Our Town,0,,0,0,0,0,0,5.8,2,tt0032881,6.5,,,0,0,0,0,0,0,0,0,0,0,0,0,0,0,0,0,0,0,0,0,0,0,0,0,0
1940,The Philadelphia Story,0,1h 52m,0,0,0,0,0,7.6,4,tt0032904,7.9,100.0,96.0,0,0,0,0,1,0,0,0,0,0,0,0,0,0,0,0,1,0,0,0,0,0,0,0,0
1940,Rebecca,1,2h 1m,0,0,0,0,0,7.916,1,tt0032976,8.1,98.0,86.0,0,0,0,0,0,0,0,1,0,0,0,0,0,0,0,0,1,0,0,0,0,0,0,0,0
1944,Double Indemnity,0,1h 46m,0,0,0,0,0,8.117,3,tt0036775,8.3,97.0,95.0,0,0,0,0,0,1,0,1,0,0,0,0,0,0,0,0,0,0,0,0,0,0,0,0,0
1944,Gaslight,0,1h 54m,1,0,0,0,0,7.5,2,tt0036855,7.8,89.0,78.0,0,0,0,0,0,0,0,0,0,0,0,0,0,0,0,1,0,0,0,0,0,0,0,0,1
1944,Going My Way,1,2h 10m,1,0,0,0,0,6.76,2,tt0036872,7.0,83.0,90.0,0,0,0,0,0,0,0,0,0,0,0,0,0,0,1,0,0,0,0,0,0,0,0,0,1
1944,Since You Went Away,0,2h 52m,0,0,0,0,0,6.419,2,tt0037280,7.5,77.0,,0,0,0,0,0,0,0,1,0,0,0,0,0,0,0,0,0,0,0,0,0,0,0,0,0
1944,Wilson,0,2h 34m,1,0,0,0,0,6.003,1,tt0037465,6.4,89.0,,0,0,0,1,0,0,0,0,0,0,0,0,0,0,0,0,0,0,0,0,0,0,0,0,1
1945,Anchors Aweigh,0,2h 23m,0,0,0,0,0,6.759,3,tt0037514,7.0,53.0,60.0,0,0,0,0,0,0,0,0,0,0,0,0,0,0,1,0,0,0,0,0,0,0,0,0,0
1945,The Bells of St. Mary's,0,,1,0,0,0,0,6.865,4,tt0037536,7.2,85.0,,0,0,0,0,0,0,0,0,0,0,0,0,0,0,0,0,0,0,0,0,0,0,0,0,1
1945,The Lost Weekend,1,,1,0,0,0,0,7.641,4,tt0037884,7.9,97.0,,0,0,0,0,0,0,0,0,0,0,0,0,0,0,0,0,0,0,0,0,0,0,0,0,1
1945,Mildred Pierce,0,1h 49m,1,0,0,0,0,7.601,4,tt0037913,7.9,88.0,88.0,0,0,0,0,0,0,0,1,0,0,0,0,0,0,0,0,0,0,0,0,0,0,0,0,1
1945,Spellbound,0,1h 15m,0,0,0,0,0,7.424,4,tt0038109,7.5,86.0,79.0,0,0,0,0,0,0,0,1,0,0,0,0,0,0,0,0,0,0,0,0,0,0,0,0,0
1946,The Best Years of Our Lives,1,,0,0,0,0,0,7.806,4,tt0036868,8.1,97.0,93.0,0,0,0,0,0,0,0,0,0,0,0,0,0,0,0,0,0,0,0,0,0,0,0,0,0
1946,Henry V,0,2h 17m,0,0,0,0,0,7.195,4,,,,,0,0,0,0,0,0,0,1,0,0,0,0,0,0,0,0,0,0,0,0,1,0,0,0,0
1946,It's a Wonderful Life,0,,0,0,0,0,0,8.268,4,tt0038650,8.6,94.0,89.0,0,0,0,0,0,0,0,0,0,0,0,0,0,0,0,0,0,0,0,0,0,0,0,0,0
1946,The Razor's Edge,0,,1,0,0,0,0,6.3,4,tt0038873,7.3,56.0,,0,0,0,0,0,0,0,0,0,0,0,0,0,0,0,0,0,0,0,0,0,0,0,0,1
1946,The Yearling,0,2h 8m,1,0,0,0,0,6.5,4,tt0039111,7.2,100.0,89.0,0,0,0,0,0,0,0,1,0,0,0,0,1,0,0,0,0,0,0,0,0,0,0,0,1
1947,The Bishop's Wife,0,,0,0,0,0,0,7.1,4,tt0039190,7.6,85.0,73.0,0,0,0,0,0,0,0,0,0,0,0,0,0,0,0,0,0,0,0,0,0,0,0,0,0
1947,Crossfire,0,1h 18m,0,0,0,0,0,5.4,1,tt0039286,7.3,88.0,,0,0,0,0,0,1,0,1,0,0,0,0,0,0,0,0,0,0,0,0,1,0,0,0,0
1947,Gentleman's Agreement,1,,1,0,0,0,0,6.964,4,tt0039416,7.2,82.0,,0,0,0,0,0,0,0,0,0,0,0,0,0,0,0,0,0,0,0,0,0,0,0,0,1
1947,Great Expectations,0,1h 30m,0,0,0,0,0,6.7,1,,,,,0,0,0,0,0,0,0,1,0,0,0,0,0,0,0,0,0,0,0,0,0,0,0,0,0
1947,Miracle on 34th Street,0,1h 36m,0,0,0,0,0,6.732,4,tt0039628,7.9,96.0,88.0,0,0,0,0,1,0,0,0,0,0,1,0,0,0,0,0,0,0,0,0,0,0,0,0,0
1948,Hamlet,1,3h 2m,0,0,0,0,1,7.372,4,tt0040416,7.6,96.0,82.0,0,0,0,0,0,0,0,1,0,0,0,0,0,0,0,0,0,0,0,0,1,0,0,0,0
1948,Johnny Belinda,0,1h 40m,1,0,0,0,0,6.897,3,tt0040495,7.7,91.0,,0,0,0,0,0,0,0,1,0,0,0,0,0,0,0,0,0,0,0,0,0,0,0,0,1
1948,The Red Shoes,0,,1,0,0,0,0,7.968,3,tt0040725,8.1,98.0,,0,0,0,0,0,0,0,0,0,0,0,0,0,0,0,0,0,0,0,0,1,0,0,0,1
1948,The Snake Pit,0,,0,0,0,0,0,7.079,4,tt0040806,7.6,100.0,76.0,0,0,0,0,0,0,0,0,0,0,0,0,0,0,0,0,0,0,0,0,0,0,0,1,0
1948,The Treasure of the Sierra Madre,0,,1,0,0,0,0,7.964,1,tt0040897,8.2,100.0,98.0,0,0,0,0,0,0,0,0,0,0,0,0,0,0,0,0,0,0,0,0,0,0,0,0,1
1949,All the King's Men,1,,0,0,0,0,0,5.763,3,tt0041113,7.4,97.0,,0,0,0,0,0,0,0,0,0,0,0,0,0,0,0,0,0,0,0,0,0,0,0,0,0
1949,Battleground,0,1h 45m,1,0,0,0,0,6.619,4,tt0041163,7.4,78.0,,0,0,0,0,0,0,1,0,0,0,0,0,0,0,0,0,0,0,0,0,0,0,0,0,1
1949,The Heiress,0,1h 46m,1,0,0,0,0,7.697,4,tt0041452,8.1,,,0,0,0,0,0,0,0,0,0,0,0,1,0,0,0,0,0,0,0,0,0,0,0,0,1
1949,A Letter to Three Wives,0,1h 37m,0,1,0,0,0,7.2,1,tt0041587,7.7,95.0,,0,0,0,0,0,0,0,1,0,0,0,0,0,0,0,0,0,0,0,0,0,0,0,1,0
1949,Twelve O'Clock High,0,,0,0,0,0,0,7.1,4,tt0041996,7.7,96.0,,0,0,0,0,0,0,0,0,0,0,0,0,0,0,0,0,0,0,0,0,0,0,0,0,0
1950,All about Eve,1,,0,0,0,0,0,8.114,4,tt0042192,8.2,99.0,98.0,0,0,0,0,0,0,0,0,0,0,0,0,0,0,0,0,0,0,0,0,0,0,0,0,0
1950,Born Yesterday,0,1h 30m,1,0,0,0,0,7.2,4,tt0042276,7.5,97.0,,0,0,0,0,1,0,0,0,0,0,0,0,0,0,0,0,0,0,0,0,0,0,0,0,1
1950,Father of the Bride,0,15m,0,0,0,0,0,6.457,4,tt0042451,7.1,90.0,76.0,0,0,0,0,0,0,0,1,0,0,0,0,0,0,0,0,0,0,0,0,0,0,0,0,0
1950,King Solomon's Mines,0,,1,0,0,0,0,5.477,4,tt0042646,6.7,93.0,,0,0,0,0,0,0,0,0,0,0,0,0,0,0,0,0,0,0,0,0,0,0,0,0,1
1950,Sunset Blvd.,0,,0,0,0,0,0,0.0,4,tt0043014,8.4,98.0,94.0,0,0,0,0,0,0,0,0,0,0,0,0,0,0,0,0,0,0,0,0,0,0,0,0,0
1951,An American in Paris,1,1h 53m,0,0,0,0,0,7.021,3,tt0043278,7.2,95.0,83.0,0,0,0,0,0,0,0,0,0,0,0,0,0,0,1,0,1,0,0,0,0,0,0,0,0
1951,Decision before Dawn,0,1h 59m,0,0,0,0,0,6.7,4,tt0043459,7.2,100.0,,0,0,0,0,0,0,0,1,0,0,0,0,0,0,0,0,0,0,1,0,0,0,0,0,0
1951,A Place in the Sun,0,1h 29m,0,0,0,0,0,7.317,2,tt0043924,7.7,82.0,76.0,0,0,0,0,0,1,0,1,0,0,0,0,0,0,0,0,0,0,0,0,0,0,0,0,0
1951,Quo Vadis,0,1h 23m,0,0,0,0,0,7.636,1,tt0043949,7.1,83.0,65.0,0,0,1,0,0,0,0,1,0,0,0,0,0,0,0,0,0,0,0,0,0,0,0,0,0
1951,A Streetcar Named Desire,0,2h 2m,0,0,0,0,0,7.6,3,tt0044081,7.9,97.0,97.0,0,0,0,0,0,0,0,1,0,0,0,0,0,0,0,0,0,0,0,0,1,0,0,0,0
1952,The Greatest Show on Earth,1,,0,0,0,0,0,6.281,1,tt0044672,6.5,50.0,76.0,0,0,0,0,0,0,0,0,0,0,0,0,0,0,0,0,0,0,0,0,0,0,0,0,0
1952,High Noon,0,1h 30m,1,0,0,0,0,7.698,2,tt0044706,8.0,94.0,89.0,0,0,0,0,0,0,0,1,0,0,0,0,0,0,0,1,0,0,0,0,0,0,0,1,1
1952,Ivanhoe,0,55m,0,0,0,0,0,6.785,3,tt0044760,6.7,79.0,75.0,0,1,0,0,0,0,0,0,0,0,0,0,1,0,0,0,0,0,0,0,0,0,0,0,1
1952,Moulin Rouge,0,1h 59m,1,0,0,0,0,7.572,2,tt0044926,7.0,73.0,,0,0,0,0,0,0,0,1,0,0,0,0,0,0,0,0,0,0,0,0,1,0,0,0,1
1952,The Quiet Man,0,,0,1,0,0,0,7.317,3,tt0045061,7.7,91.0,85.0,0,0,0,0,0,0,0,0,0,0,0,0,0,0,0,0,0,0,0,0,0,0,0,1,1
1953,From Here to Eternity,1,4h 51m,1,1,0,0,0,7.302,3,tt0045793,7.6,88.0,85.0,0,0,0,0,0,0,0,1,0,0,0,0,0,0,0,0,0,0,0,0,0,0,0,1,1
1953,Julius Caesar,0,4h 0m,0,0,0,0,0,6.7,4,tt0045943,7.2,96.0,,0,0,0,0,0,0,0,1,0,1,0,0,0,0,0,0,0,0,0,0,1,0,0,0,0
1953,The Robe,0,,0,0,0,0,0,6.8,3,tt0046247,6.7,38.0,,0,0,0,0,0,0,0,0,0,0,0,0,0,0,0,0,0,0,0,0,0,0,0,0,0
1953,Roman Holiday,0,1h 59m,1,0,0,0,0,7.885,3,tt0046250,8.0,95.0,78.0,0,0,0,0,1,0,0,0,0,0,0,0,0,0,0,0,1,0,0,0,1,0,0,1,1
1953,Shane,0,1h 58m,0,0,0,0,0,7.4,2,tt0046303,7.6,97.0,85.0,0,0,0,0,0,0,0,0,0,0,0,0,0,0,0,0,0,0,0,1,1,0,0,0,0
1954,The Caine Mutiny,0,,0,0,0,0,0,7.2,2,tt0046816,7.7,93.0,63.0,0,0,0,0,0,0,0,0,0,0,0,0,0,0,0,0,0,0,0,0,1,0,0,0,0
1954,The Country Girl,0,,0,0,0,0,0,6.887,4,tt0046874,7.2,75.0,,0,0,0,0,0,0,0,0,0,0,0,0,0,0,0,0,0,0,0,0,0,0,0,0,0
1954,On the Waterfront,1,1h 48m,1,1,0,0,0,7.9,2,tt0047296,8.1,99.0,91.0,0,0,0,0,0,0,0,1,0,0,0,0,0,0,0,0,0,0,0,0,1,0,0,1,1
1954,Seven Brides for Seven Brothers,0,1h 43m,1,0,0,0,0,7.215,3,tt0047472,7.3,89.0,75.0,0,0,0,0,0,0,0,0,0,0,0,0,0,0,1,0,0,0,0,0,0,0,0,1,1
1954,Three Coins in the Fountain,0,1h 42m,0,0,0,0,0,5.963,2,tt0047580,6.3,60.0,,0,0,0,0,0,0,0,0,0,0,0,0,0,0,0,0,1,0,0,0,0,0,0,0,0
1955,Love Is a Many-Splendored Thing,0,,0,0,0,0,0,6.019,3,tt0048316,6.4,53.0,,0,0,0,0,0,0,0,0,0,0,0,0,0,0,0,0,0,0,0,0,0,0,0,0,0
1955,Marty,1,1h 31m,1,0,0,0,0,7.473,2,tt0048356,7.7,96.0,,0,0,0,0,0,0,0,1,0,0,0,0,0,0,0,0,1,0,0,0,1,0,0,0,1
1955,Mister Roberts,0,,0,0,0,0,0,7.058,3,tt0048380,7.6,93.0,72.0,0,0,0,0,0,0,0,0,0,0,0,0,0,0,0,0,0,0,0,0,0,0,0,0,0
1955,Picnic,0,1h 55m,1,0,0,0,0,6.4,4,tt0048491,7.0,50.0,,0,0,0,0,0,0,0,1,0,0,0,0,0,0,0,0,0,0,0,0,1,0,0,0,1
1955,The Rose Tattoo,0,,0,0,0,0,0,7.0,4,tt0048563,6.9,63.0,,0,0,0,0,0,0,0,0,0,0,0,0,0,0,0,0,0,0,0,0,0,0,0,0,0
1956,Around the World in 80 Days,1,1h 59m,1,0,0,0,0,5.919,2,tt0048960,6.7,72.0,69.0,0,1,0,0,1,0,0,0,0,0,0,0,0,0,0,0,0,0,0,0,0,0,0,0,1
1956,Friendly Persuasion,0,2h 19m,1,0,0,0,0,6.6,4,tt0049233,7.3,89.0,,0,0,0,0,0,0,0,1,0,0,0,0,0,0,0,0,0,0,0,0,0,0,0,0,1
1956,Giant,0,3h 21m,1,0,0,0,0,7.6,4,tt0049261,7.6,88.0,84.0,0,0,0,0,0,0,0,1,0,0,0,0,0,0,0,0,0,0,0,0,0,0,0,0,1
1956,The King and I,0,1h 25m,0,0,0,0,0,7.1,2,tt0049408,7.4,93.0,72.0,0,0,0,0,0,0,0,0,0,0,0,0,1,0,1,0,0,0,0,0,0,0,0,0,0
1956,The Ten Commandments,0,2h 0m,0,0,0,0,0,7.748,4,tt0049833,7.9,84.0,,0,0,0,0,0,0,0,1,0,1,0,0,0,0,0,0,0,0,0,0,0,0,0,0,0
1957,The Bridge on the River Kwai,1,,0,1,0,0,0,7.836,4,tt0050212,8.1,96.0,87.0,0,0,0,0,0,0,0,0,0,0,0,0,0,0,0,0,0,0,0,0,0,0,0,1,0
1957,Peyton Place,0,2h 37m,1,0,0,0,0,6.689,4,tt0050839,7.2,65.0,63.0,0,0,0,0,0,0,0,1,0,0,0,0,0,0,0,0,0,0,0,0,0,0,0,0,1
1957,Sayonara,0,2h 27m,1,0,0,0,0,6.57,4,tt0050933,7.0,82.0,,0,0,0,0,0,0,0,1,0,0,0,0,0,0,0,0,0,0,0,0,0,0,0,0,1
1957,12 Angry Men,0,,0,0,0,0,0,8.545,2,tt0050083,9.0,100.0,97.0,0,0,0,0,0,0,0,0,0,0,0,0,0,0,0,0,0,0,0,0,0,0,0,0,0
1957,Witness for the Prosecution,0,1h 54m,1,0,0,0,0,8.215,4,tt0051201,8.4,100.0,76.0,0,0,0,0,0,1,0,1,0,0,0,0,0,0,0,0,0,0,0,0,0,0,0,0,1
1958,Auntie Mame,0,2h 23m,1,0,0,0,0,7.0,4,tt0051383,7.9,88.0,,0,0,0,0,1,0,0,0,0,0,0,0,0,0,0,0,0,0,0,0,0,0,0,0,1
1958,Cat on a Hot Tin Roof,0,1h 48m,0,0,0,0,0,7.7,3,tt0051459,7.9,97.0,84.0,0,0,0,0,0,0,0,1,0,0,0,0,0,0,0,0,0,0,0,0,0,0,0,0,1
1958,The Defiant Ones,0,,0,0,0,0,1,7.1,3,tt0051525,7.6,91.0,69.0,0,0,0,0,0,0,0,0,0,0,0,0,0,0,0,0,0,0,0,0,1,0,0,0,0
1958,Gigi,1,1h 56m,1,0,0,0,0,6.224,2,tt0051658,6.6,88.0,82.0,0,0,0,0,0,0,0,0,0,0,0,0,0,0,1,0,0,0,0,0,1,0,0,0,1
1958,Separate Tables,0,,1,0,0,0,0,6.827,4,tt0052182,7.4,67.0,68.0,0,0,0,0,0,0,0,0,0,0,0,0,0,0,0,0,0,0,0,0,0,0,0,0,1
1959,Anatomy of a Murder,0,2h 40m,0,0,0,0,0,7.842,3,tt0052561,8.0,100.0,95.0,0,0,0,0,0,1,0,1,0,0,0,0,0,0,0,0,0,0,0,0,0,0,0,1,1
1959,Ben-Hur,1,,1,0,0,0,0,7.88,4,tt0052618,8.1,85.0,90.0,0,0,0,0,0,0,0,0,0,0,0,0,0,0,0,0,0,0,0,0,0,0,0,0,1
1959,The Diary of Anne Frank,0,1h 30m,0,0,0,0,0,7.195,1,tt0052738,7.4,81.0,59.0,0,0,0,0,0,0,0,1,0,0,0,0,0,0,0,0,0,0,0,0,0,0,0,0,0
1959,The Nun's Story,0,,0,0,0,0,0,7.154,2,tt0053131,7.5,84.0,78.0,0,0,0,0,0,0,0,0,0,0,0,0,0,0,0,0,0,0,0,0,1,0,0,0,0
1959,Room at the Top,0,1h 58m,0,0,0,0,0,6.884,1,,,,,0,0,0,0,0,0,0,1,0,0,0,0,0,0,0,0,0,0,0,0,0,0,0,0,0
1960,The Alamo,0,,1,0,0,0,0,7.2,4,tt0053580,6.8,55.0,,0,0,0,0,0,0,0,0,0,0,0,0,0,0,0,0,0,0,0,0,0,0,0,0,1
1960,The Apartment,1,2h 5m,0,1,0,0,1,8.217,2,tt0053604,8.3,93.0,94.0,0,0,0,0,1,0,0,1,0,0,0,0,0,0,0,0,0,0,0,0,1,0,0,1,0
1960,Elmer Gantry,0,2h 25m,1,0,0,0,0,7.283,3,tt0053793,7.7,94.0,,0,0,0,0,0,0,0,1,0,0,0,0,0,0,0,0,0,0,0,0,1,0,0,0,1
1960,Sons and Lovers,0,1h 28m,1,0,0,0,0,6.545,3,tt0054326,7.1,67.0,,0,0,0,0,1,0,0,1,0,0,0,0,0,0,0,0,0,0,0,0,0,0,0,0,1
1960,The Sundowners,0,,0,0,0,0,0,6.6,4,tt0054353,7.1,79.0,82.0,0,0,0,0,0,0,0,0,0,0,0,0,0,0,0,0,0,0,0,0,1,0,0,0,0
1961,Fanny,0,1h 42m,0,0,0,0,0,6.682,2,tt0054866,6.8,,,0,0,0,0,0,0,0,1,0,0,0,0,0,0,0,0,0,0,0,0,0,0,0,0,1
1961,The Guns of Navarone,0,,0,0,0,0,0,7.315,2,tt0054953,7.5,92.0,72.0,0,0,0,0,0,0,0,0,0,0,0,0,0,0,0,0,0,0,0,0,0,0,0,0,0
1961,The Hustler,0,,0,0,0,0,1,7.696,3,tt0054997,8.0,94.0,90.0,0,0,0,0,0,0,0,0,0,0,0,0,0,0,0,0,0,0,0,0,1,0,0,0,1
1961,Judgment at Nuremberg,0,3h 6m,1,0,0,0,0,8.03,4,tt0055031,8.3,92.0,60.0,0,0,0,0,0,0,0,1,0,0,0,0,0,0,0,0,0,0,0,0,0,0,0,1,1
1961,West Side Story,1,2h 31m,1,0,0,0,0,7.262,4,tt0055614,7.6,92.0,86.0,0,0,0,0,0,0,0,0,0,0,0,0,0,0,1,0,0,0,0,0,1,0,0,0,1
1962,Lawrence of Arabia,1,3h 36m,0,0,0,0,0,8.0,4,tt0056172,8.3,94.0,100.0,0,0,0,1,0,0,0,0,0,1,0,0,0,0,0,0,0,0,0,0,0,0,0,0,0
1962,The Longest Day,0,1h 19m,0,0,0,0,0,7.6,3,tt0056197,7.7,87.0,75.0,0,0,0,0,0,0,0,1,0,0,0,0,0,0,0,0,0,0,0,0,0,0,0,0,0
1962,Meredith Willson's The Music Man,0,,0,0,0,0,0,Non Disponible,Non Disponible,,,,,0,0,0,0,0,0,0,0,0,0,0,0,0,0,0,0,0,0,0,0,0,0,0,0,1
1962,Mutiny on the Bounty,0,2h 12m,0,0,0,0,0,7.023,4,tt0056264,7.2,70.0,48.0,0,1,0,0,0,0,0,0,0,0,0,0,0,0,0,0,0,0,0,0,0,0,0,0,1
1962,To Kill a Mockingbird,0,2h 9m,0,0,0,0,0,7.997,4,tt0056592,8.3,93.0,88.0,0,0,0,0,0,0,0,1,0,0,0,0,0,0,0,0,0,0,0,0,0,0,0,0,0
1963,America America,0,2h 48m,0,0,0,0,0,7.441,2,tt0056825,7.7,67.0,72.0,0,0,0,0,0,0,0,1,0,0,0,0,0,0,0,0,0,0,0,0,0,0,0,1,0
1963,Cleopatra,0,1h 44m,0,0,0,0,0,7.053,2,tt0056937,7.0,56.0,60.0,0,0,0,0,1,0,0,1,0,0,0,0,0,0,0,0,0,0,0,0,0,0,0,0,1
1963,How the West Was Won,0,2h 44m,0,0,0,0,0,7.038,4,,,,,0,0,0,0,0,0,0,0,0,0,0,0,0,0,0,0,0,0,0,1,0,0,0,0,0
1963,Lilies of the Field,0,,1,0,0,0,0,7.194,2,tt0057251,7.5,92.0,61.0,0,0,0,0,0,0,0,0,0,0,0,0,0,0,0,0,0,0,0,0,0,0,0,0,1
1963,Tom Jones,1,2h 9m,1,0,0,0,1,5.995,3,tt0057590,6.4,81.0,77.0,0,0,0,0,1,0,0,0,0,0,0,0,0,0,0,0,0,0,0,0,1,0,0,0,1
1964,Becket,0,2h 28m,1,0,0,0,1,7.2,1,tt0057877,7.8,75.0,68.0,0,0,0,0,0,0,0,1,0,1,0,0,0,0,0,0,0,0,0,0,1,0,0,0,1
1964,Dr. Strangelove or: How I Learned to Stop Worrying and Love the Bomb,0,,0,0,0,0,0,8.127,1,tt0057012,8.4,98.0,97.0,0,0,0,0,0,0,0,0,0,0,0,0,0,0,0,0,0,0,0,0,0,0,0,0,0
1964,Mary Poppins,0,2h 20m,1,0,0,0,0,7.573,4,tt0058331,7.8,96.0,88.0,0,0,0,0,0,0,0,0,0,0,0,0,1,0,1,0,0,0,0,0,0,0,0,0,1
1964,My Fair Lady,1,2h 50m,1,0,0,0,1,7.526,4,tt0058385,7.7,95.0,95.0,0,0,0,0,0,0,0,0,0,0,0,0,0,0,1,0,0,0,0,0,1,0,0,0,1
1964,Zorba the Greek,0,2h 22m,0,0,0,0,0,7.498,4,tt0057831,7.6,80.0,,0,0,0,0,0,0,0,1,0,0,0,0,0,0,0,0,0,0,0,0,0,0,0,0,0
1965,Darling,0,,1,0,0,0,1,6.704,3,tt0059084,7.0,67.0,,0,0,0,0,0,0,0,0,0,0,0,0,0,0,0,0,0,0,0,0,1,0,0,0,1
1965,Doctor Zhivago,0,3h 17m,1,0,0,0,0,7.532,4,tt0059113,7.9,82.0,69.0,0,0,0,0,0,0,0,0,0,1,0,0,0,0,0,0,1,0,0,0,0,0,0,0,1
1965,Ship of Fools,0,2h 29m,0,0,0,0,0,6.524,3,tt0059712,7.1,61.0,,0,0,0,0,0,0,0,1,0,0,0,0,0,0,0,0,0,0,0,0,0,0,0,0,1
1965,The Sound of Music,1,,0,0,0,0,0,7.712,1,tt0059742,8.1,83.0,63.0,0,0,0,0,0,0,0,0,0,0,0,0,0,0,0,0,0,0,0,0,0,0,0,0,0
1965,A Thousand Clowns,0,,0,0,0,0,0,6.92,4,tt0059798,7.3,72.0,,0,0,0,0,0,0,0,0,0,0,0,0,0,0,0,0,0,0,0,0,0,0,0,0,0
1966,Alfie,0,1h 46m,0,0,0,0,0,5.796,4,tt0060086,7.0,97.0,70.0,0,0,0,0,1,0,0,1,0,0,0,0,0,0,0,0,0,0,0,0,1,0,0,0,0
1966,A Man for All Seasons,1,1h 40m,0,0,0,0,0,7.337,4,tt0060665,7.7,89.0,72.0,0,0,0,0,0,0,0,1,0,1,0,0,0,0,0,0,0,0,0,0,0,0,0,0,0
1966,The Russians Are Coming The Russians Are Coming,0,,0,0,0,0,0,6.3,2,tt0060921,7.0,86.0,69.0,0,0,0,0,0,0,0,0,0,0,0,0,0,0,0,0,0,0,0,0,0,0,0,0,0
1966,The Sand Pebbles,0,,1,0,0,0,0,7.199,4,tt0060934,7.5,84.0,,0,0,0,0,0,0,0,0,0,0,0,0,0,0,0,0,0,0,0,0,0,0,0,0,1
1966,Who's Afraid of Virginia Woolf?,0,,0,0,0,0,0,7.727,2,tt0061184,8.0,96.0,75.0,0,0,0,0,0,0,0,0,0,0,0,0,0,0,0,0,0,0,0,0,0,0,0,0,1
1967,Bonnie and Clyde,0,1h 51m,0,0,0,0,0,7.5,3,tt0061418,7.7,90.0,86.0,0,0,0,0,0,1,0,1,0,0,0,0,0,0,0,0,0,0,0,0,0,0,0,0,1
1967,Doctor Dolittle,0,2h 32m,1,0,0,0,0,5.682,2,tt0061584,6.1,29.0,34.0,0,0,0,0,0,0,0,0,0,0,0,0,1,0,1,0,0,0,0,0,0,0,0,0,1
1967,The Graduate,0,,0,1,0,0,1,7.648,4,tt0061722,8.0,86.0,83.0,0,0,0,0,0,0,0,0,0,0,0,0,0,0,0,0,0,0,0,0,1,0,0,1,0
1967,Guess Who's Coming to Dinner,0,,0,0,0,0,0,7.569,4,tt0061735,7.8,71.0,63.0,0,0,0,0,0,0,0,0,0,0,0,0,0,0,0,0,0,0,0,0,0,0,0,1,0
1967,In the Heat of the Night,1,1h 49m,1,0,0,0,0,7.649,3,tt0061811,7.9,96.0,76.0,0,0,0,0,0,1,0,1,0,0,0,0,0,0,0,0,0,0,0,0,0,0,0,0,1
1968,Funny Girl,0,2h 31m,1,0,0,0,0,7.2,3,tt0062994,7.3,94.0,89.0,0,0,0,0,0,0,0,0,0,0,0,0,0,0,1,0,0,0,0,0,1,0,0,0,1
1968,The Lion in Winter,0,2h 47m,1,0,0,0,0,7.425,4,tt0063227,7.9,91.0,,0,0,0,0,0,0,0,1,0,1,0,0,0,0,0,0,0,0,0,0,0,0,0,0,1
1968,Oliver!,1,,1,0,0,0,0,6.962,3,tt0063385,7.4,90.0,74.0,0,0,0,0,0,0,0,0,0,0,0,0,0,0,0,0,0,0,0,0,1,0,0,0,1
1968,"Rachel, Rachel",0,,1,0,0,0,0,6.577,3,tt0063483,7.1,,74.0,0,0,0,0,0,0,0,0,0,0,0,0,0,0,0,0,0,0,0,0,0,0,0,1,1
1968,Romeo and Juliet,0,3h 3m,1,0,0,0,0,7.35,2,tt0063518,7.6,95.0,69.0,0,0,0,0,0,0,0,1,0,0,0,0,0,0,0,0,0,0,0,0,0,0,0,0,1
1969,Anne of the Thousand Days,0,2h 25m,1,0,0,0,0,7.032,4,tt0064030,7.4,43.0,,0,0,0,0,0,0,0,1,0,1,0,0,0,0,0,0,0,0,0,0,0,0,0,0,1
1969,Butch Cassidy and the Sundance Kid,0,,0,0,0,0,0,7.604,1,tt0064115,8.0,90.0,66.0,0,0,0,0,0,0,0,0,0,0,0,0,0,0,0,0,0,0,0,0,0,0,0,1,0
1969,"Hello, Dolly!",0,,0,0,0,0,0,6.937,4,tt0064418,7.0,45.0,51.0,0,0,0,0,0,0,0,0,0,0,0,0,0,0,0,0,0,0,0,0,0,0,0,0,1
1969,Midnight Cowboy,1,1h 53m,1,1,0,0,1,7.516,2,tt0064665,7.8,89.0,79.0,0,0,0,0,0,0,0,1,0,0,0,0,0,0,0,0,0,0,0,0,1,0,0,1,1
1969,Z,0,2h 7m,1,0,0,0,1,7.892,1,tt0065234,8.2,94.0,86.0,0,0,0,0,0,0,0,0,0,0,0,0,0,0,0,1,0,0,0,0,1,0,0,0,1
1970,Airport,0,2h 17m,1,0,0,0,0,6.395,2,tt0065377,6.6,75.0,42.0,0,0,0,0,0,0,0,0,0,0,0,0,0,0,0,1,0,0,0,0,0,0,0,0,1
1970,Five Easy Pieces,0,1h 36m,1,0,0,0,0,7.154,3,tt0065724,7.4,89.0,85.0,0,0,0,0,0,0,0,1,0,0,0,0,0,0,0,0,0,0,0,0,0,0,0,1,1
1970,Love Story,0,1h 39m,1,0,0,0,0,6.782,4,tt0066011,6.9,66.0,84.0,0,0,0,0,0,0,0,1,0,0,0,0,0,0,0,0,1,0,0,0,0,0,0,0,1
1970,M*A*S*H,0,,0,0,0,0,1,6.974,1,tt0066026,7.4,84.0,80.0,0,0,0,0,0,0,0,0,0,0,0,0,0,0,0,0,0,0,0,0,1,0,0,0,1
1970,Patton,1,2h 51m,1,0,0,0,0,7.511,1,tt0066206,7.9,91.0,86.0,0,0,0,1,0,0,0,0,0,0,0,0,0,0,0,0,0,0,1,0,0,0,0,0,1
1971,A Clockwork Orange,0,,0,0,0,0,0,8.21,4,tt0066921,8.3,87.0,77.0,0,0,0,0,0,0,0,0,0,0,0,0,0,0,0,0,0,0,0,0,1,0,0,0,0
1971,Fiddler on the Roof,0,3h 1m,1,0,0,0,0,7.7,4,tt0067093,8.0,80.0,67.0,0,0,0,0,0,0,0,0,0,0,0,0,0,0,1,0,0,0,0,0,0,0,0,0,1
1971,The French Connection,1,1h 44m,0,0,0,0,1,7.539,4,tt0067116,7.7,96.0,94.0,0,0,0,0,0,1,0,1,0,0,0,0,0,0,0,0,0,0,0,0,1,0,0,0,0
1971,The Last Picture Show,0,,0,0,0,0,1,7.625,4,tt0067328,8.0,98.0,93.0,0,0,0,0,0,0,0,0,0,0,0,0,0,0,0,0,0,0,0,0,1,0,0,1,0
1971,Nicholas and Alexandra,0,,0,0,0,0,0,7.0,4,tt0067483,7.2,69.0,57.0,0,0,0,0,0,0,0,0,0,0,0,0,0,0,0,0,0,0,0,0,0,0,0,0,1
1972,Cabaret,0,2h 4m,1,0,0,0,1,7.375,1,tt0068327,7.8,92.0,80.0,0,0,0,0,0,0,0,0,0,0,0,0,0,0,1,0,0,0,0,0,1,0,0,0,1
1972,Deliverance,0,1h 49m,0,0,0,0,0,7.311,3,tt0068473,7.7,89.0,80.0,0,1,0,0,0,0,0,1,0,0,0,0,0,0,0,0,0,0,0,0,1,0,0,1,1
1972,The Emigrants,0,2h 28m,0,0,0,0,0,7.5,1,,,,,0,0,0,0,0,0,0,1,0,0,0,0,0,0,0,0,0,0,0,0,0,0,0,0,0
1972,The Godfather,1,2h 57m,0,1,0,0,1,8.707,1,tt0068646,9.2,97.0,100.0,0,0,0,0,0,1,0,1,0,0,0,0,0,0,0,0,0,0,0,0,1,0,0,1,0
1972,Sounder,0,1h 45m,0,0,0,0,0,7.381,3,tt0069303,7.5,91.0,80.0,0,0,0,0,0,0,0,1,0,0,0,0,0,0,0,0,0,0,0,0,1,0,0,0,1
1973,American Graffiti,0,1h 50m,1,0,0,0,0,7.033,3,tt0069704,7.4,95.0,97.0,0,0,0,0,1,0,0,1,0,0,0,0,0,0,0,0,0,0,0,0,0,0,0,1,1
1973,Cries and Whispers,0,1h 35m,0,0,0,0,0,7.9,4,,,,,0,0,0,0,0,0,0,1,0,0,0,0,0,0,0,0,0,0,0,0,0,0,0,0,1
1973,The Exorcist,0,2h 2m,0,0,0,0,0,7.7,4,tt0070047,8.1,78.0,81.0,0,0,0,0,0,0,0,0,0,0,0,1,0,0,0,0,0,0,0,0,1,0,0,1,0
1973,The Sting,1,,0,1,0,0,0,8.017,4,tt0070735,8.3,93.0,83.0,0,0,0,0,0,0,0,0,0,0,0,0,0,0,0,0,0,0,0,0,0,0,0,1,0
1973,A Touch of Class,0,,0,0,0,0,0,6.3,2,tt0070819,6.5,85.0,,0,0,0,0,0,0,0,0,0,0,0,0,0,0,0,0,0,0,0,0,0,0,0,0,0
1974,Chinatown,0,2h 11m,1,0,0,0,1,7.915,2,tt0071315,8.2,99.0,92.0,0,0,0,0,0,1,0,1,0,0,0,0,0,0,0,0,0,0,0,0,1,0,0,0,1
1974,The Conversation,0,1h 53m,0,0,0,0,1,7.524,2,tt0071360,7.8,97.0,87.0,0,0,0,0,0,0,0,0,0,0,0,0,0,0,0,1,0,0,0,0,1,0,0,1,0
1974,The Godfather Part II,1,,0,1,0,0,0,8.592,4,tt0071562,9.0,96.0,90.0,0,0,0,0,0,0,0,0,0,0,0,0,0,0,0,0,0,0,0,0,1,0,0,1,0
1974,Lenny,0,1h 52m,0,0,0,0,0,7.262,4,tt0071746,7.5,87.0,61.0,0,0,0,1,0,0,0,0,0,0,0,0,0,0,0,0,0,0,0,0,0,0,0,0,1
1974,The Towering Inferno,0,,1,0,0,0,0,7.022,4,tt0072308,7.0,68.0,69.0,0,0,0,0,0,0,0,0,0,0,0,0,0,0,0,0,0,0,0,0,1,0,0,0,1
1975,Barry Lyndon,0,3h 4m,0,0,0,0,1,8.004,4,tt0072684,8.1,87.0,89.0,0,0,0,0,0,0,0,1,0,0,0,0,0,0,0,0,0,0,0,0,1,0,0,1,1
1975,Dog Day Afternoon,0,2h 10m,0,0,0,0,1,7.836,3,tt0072890,8.0,96.0,86.0,0,0,0,0,0,1,0,1,0,0,0,0,0,0,0,0,0,0,0,0,1,0,0,1,1
1975,Jaws,0,2h 4m,1,0,0,0,0,7.66,2,tt0073195,8.1,97.0,87.0,0,0,0,0,0,0,0,0,0,0,1,0,0,0,0,1,0,0,0,0,1,0,0,0,1
1975,Nashville,0,2h 37m,1,0,0,0,1,7.2,2,tt0073440,7.6,91.0,96.0,0,0,0,0,1,0,0,1,0,0,0,0,0,0,0,0,0,0,0,0,1,0,0,0,1
1975,One Flew over the Cuckoo's Nest,1,,0,0,0,0,0,8.421,4,tt0073486,8.7,93.0,84.0,0,0,0,0,0,0,0,0,0,0,0,0,0,0,0,0,0,0,0,0,0,0,0,0,0
1976,All the President's Men,0,,0,0,0,0,0,7.669,2,tt0074119,7.9,94.0,84.0,0,0,0,0,0,0,0,0,0,0,0,0,0,0,0,0,0,0,0,0,0,0,0,0,0
1976,Bound for Glory,0,2h 27m,0,0,0,0,0,6.8,4,tt0074235,7.2,84.0,70.0,0,0,0,1,0,0,0,0,0,0,0,0,0,0,0,0,0,0,0,0,0,0,0,0,1
1976,Network,0,2h 1m,1,0,0,0,0,7.825,4,tt0074958,8.1,92.0,83.0,0,0,0,0,1,0,0,1,0,0,0,0,0,0,0,0,0,0,0,0,1,0,0,0,1
1976,Rocky,1,8m,0,1,0,0,0,7.79,4,tt0075148,8.1,92.0,70.0,0,0,0,0,0,0,0,1,0,0,0,0,0,0,0,0,0,0,0,0,1,0,0,1,1
1976,Taxi Driver,0,1h 53m,0,0,0,0,1,8.155,1,tt0075314,8.2,89.0,94.0,0,0,0,0,0,0,0,1,0,0,0,0,0,0,0,0,0,0,0,0,1,0,0,1,1
1977,Annie Hall,1,1h 33m,1,1,0,0,1,7.757,2,tt0075686,8.0,97.0,92.0,0,0,0,0,1,0,0,0,0,0,0,0,0,0,0,0,1,0,0,0,1,0,0,1,1
1977,The Goodbye Girl,0,1h 50m,0,0,0,0,0,6.885,4,tt0076095,7.4,80.0,64.0,0,0,0,0,1,0,0,0,0,0,0,0,0,0,0,0,1,0,0,0,1,0,0,0,0
1977,Julia,0,38m,1,0,0,0,1,6.729,1,tt0076245,7.1,73.0,58.0,0,0,0,0,0,0,0,1,0,0,0,0,0,0,0,0,0,0,0,0,1,0,0,0,1
1977,Star Wars,0,2h 1m,0,0,0,0,1,8.205,2,tt0076759,8.6,93.0,90.0,0,1,0,0,0,0,0,0,0,0,0,0,0,0,0,0,0,1,0,0,1,0,0,0,0
1977,The Turning Point,0,,0,0,0,0,0,6.5,4,tt0076843,6.8,63.0,68.0,0,0,0,0,0,0,0,0,0,0,0,0,0,0,0,0,0,0,0,0,0,0,0,0,0
1978,Coming Home,0,2h 6m,1,0,0,0,0,7.006,1,tt0077362,7.3,83.0,61.0,0,0,0,0,0,0,0,1,0,0,0,0,0,0,0,0,0,0,0,0,0,0,0,0,1
1978,The Deer Hunter,1,3h 3m,0,1,0,0,1,8.004,4,tt0077416,8.1,86.0,86.0,0,0,0,0,0,0,0,1,0,0,0,0,0,0,0,0,0,0,1,0,1,0,0,1,0
1978,Heaven Can Wait,0,1h 41m,1,0,0,0,0,6.877,3,tt0077663,6.9,85.0,72.0,0,0,0,0,1,0,0,0,1,0,0,0,0,0,0,0,0,0,0,0,0,0,0,0,1
1978,Midnight Express,0,2h 1m,1,0,0,0,1,7.514,3,tt0077928,7.5,90.0,59.0,0,0,0,1,0,0,0,1,0,0,0,0,0,0,0,0,0,0,0,0,1,0,0,0,1
1978,An Unmarried Woman,0,,0,0,0,0,0,6.6,2,tt0078444,7.2,89.0,79.0,0,0,0,0,0,0,0,0,0,0,0,0,0,0,0,0,0,0,0,0,0,0,0,1,0
1979,All That Jazz,0,2h 3m,0,0,0,0,1,7.5,4,tt0078754,7.8,87.0,72.0,0,0,0,0,0,0,0,1,0,0,0,0,0,0,1,0,0,0,0,0,1,0,0,0,1
1979,Apocalypse Now,0,2h 33m,1,0,0,0,1,8.282,3,tt0078788,8.4,98.0,94.0,0,0,0,0,0,0,0,1,0,0,0,0,0,0,0,0,0,0,1,0,1,0,0,1,1
1979,Breaking Away,0,1h 40m,0,0,0,0,0,7.1,2,tt0078902,7.7,95.0,91.0,0,0,0,0,1,0,0,1,0,0,0,0,0,0,0,0,0,0,0,0,0,0,0,1,1
1979,Kramer vs. Kramer,1,,1,1,0,0,0,7.56,4,tt0079417,7.8,89.0,77.0,0,0,0,0,0,0,0,0,0,0,0,0,0,0,0,0,0,0,0,0,0,0,0,1,1
1979,Norma Rae,0,1h 53m,1,0,0,0,0,7.191,1,tt0079638,7.3,91.0,61.0,0,0,0,0,0,0,0,1,0,0,0,0,0,0,0,0,0,0,0,0,0,0,0,0,1
1980,Coal Miner's Daughter,0,,1,0,0,0,0,7.256,1,tt0080549,7.5,86.0,87.0,0,0,0,0,0,0,0,0,0,0,0,0,0,0,0,0,0,0,0,0,1,0,0,0,1
1980,The Elephant Man,0,,0,0,0,0,1,8.0,4,tt0080678,8.2,92.0,78.0,0,0,0,0,0,0,0,0,0,0,0,0,0,0,0,0,0,0,0,0,1,0,0,0,0
1980,Ordinary People,1,2h 3m,1,1,0,0,0,7.445,3,tt0081283,7.7,89.0,86.0,0,0,0,0,0,0,0,1,0,0,0,0,0,0,0,0,0,0,0,0,0,0,0,1,1
1980,Raging Bull,0,2h 8m,1,0,0,0,1,7.944,4,tt0081398,8.1,92.0,90.0,0,0,0,1,0,0,0,1,0,0,0,0,0,0,0,0,0,0,0,0,1,0,0,1,1
1980,Tess,0,2h 50m,1,0,0,0,1,7.01,4,,,,,0,0,0,0,0,0,0,1,0,0,0,0,0,0,0,0,0,0,0,0,1,0,0,0,1
1981,Atlantic City,0,1h 44m,0,0,0,0,1,6.814,3,tt1614571,,,,0,0,0,0,1,0,0,1,0,0,0,0,0,0,0,0,0,0,0,0,1,0,0,0,1
1981,Chariots of Fire,1,2h 3m,0,0,0,0,0,6.8,2,tt0082158,7.1,83.0,78.0,0,0,0,0,0,0,0,1,0,0,0,0,0,0,0,0,0,0,0,0,0,0,0,1,0
1981,On Golden Pond,0,1h 49m,1,0,0,0,0,7.272,4,tt0082846,7.6,91.0,68.0,0,0,0,0,1,0,0,1,0,0,0,0,0,0,0,0,0,0,0,0,1,0,0,0,1
1981,Raiders of the Lost Ark,0,1h 55m,0,0,0,0,0,7.926,2,tt0082971,8.4,93.0,85.0,1,1,0,0,0,0,0,0,0,0,0,0,0,0,0,0,0,0,0,0,0,0,0,1,1
1981,Reds,0,3h 15m,1,0,0,0,0,6.905,4,tt0082979,7.3,90.0,76.0,0,0,0,0,0,0,0,1,0,0,0,0,0,0,0,0,0,0,0,0,1,0,0,0,1
1982,E.T. The Extra-Terrestrial,0,,0,0,0,0,0,7.514,2,tt0083866,7.9,99.0,92.0,0,0,0,0,0,0,0,0,0,0,0,0,0,0,0,0,0,0,0,0,0,0,0,0,0
1982,Gandhi,1,3h 8m,1,0,0,0,1,7.544,4,tt0083987,8.0,89.0,79.0,0,0,0,1,0,0,0,0,0,1,0,0,0,0,0,0,0,0,0,0,1,0,0,0,1
1982,Missing,0,2h 20m,0,0,0,0,1,7.513,1,tt0084335,7.7,94.0,78.0,0,0,0,0,0,0,0,1,0,0,0,0,0,0,0,0,0,0,0,0,1,0,0,0,1
1982,Tootsie,0,1h 51m,1,0,0,0,0,7.2,4,tt0084805,7.4,91.0,88.0,0,0,0,0,1,0,0,0,0,0,0,0,0,1,0,0,0,0,0,0,1,0,0,1,1
1982,The Verdict,0,55m,0,0,0,0,0,7.47,4,tt0084855,7.7,89.0,77.0,0,0,0,0,0,0,0,0,0,0,0,0,0,0,0,1,0,0,0,0,0,0,0,0,0
1983,The Big Chill,0,,0,0,0,0,0,6.876,3,tt0085244,7.1,71.0,61.0,0,0,0,0,0,0,0,0,0,0,0,0,0,0,0,0,0,0,0,0,1,0,0,0,0
1983,The Dresser,0,1h 45m,1,0,0,0,0,6.308,4,tt0085461,7.5,100.0,,0,0,0,0,0,0,0,1,0,0,0,0,0,0,0,0,0,0,0,0,1,0,0,0,1
1983,The Right Stuff,0,3h 13m,0,0,0,0,0,7.4,4,tt0086197,7.8,96.0,91.0,0,0,0,0,0,0,0,1,0,1,0,0,0,0,0,0,0,0,0,0,0,0,0,0,0
1983,Tender Mercies,0,1h 30m,1,0,0,0,0,6.58,2,tt0086423,7.3,82.0,76.0,0,0,0,0,0,0,0,1,0,0,0,0,0,0,0,0,0,0,0,0,0,0,0,1,1
1983,Terms of Endearment,1,2h 12m,1,1,0,0,0,7.103,4,tt0086425,7.4,82.0,79.0,0,0,0,0,1,0,0,1,0,0,0,0,0,0,0,0,0,0,0,0,0,0,0,1,1
1984,Amadeus,1,2h 38m,1,0,0,0,1,8.037,3,tt0086879,8.4,89.0,87.0,0,0,0,1,0,0,0,0,0,1,0,0,0,0,0,0,0,0,0,0,1,0,0,0,1
1984,The Killing Fields,0,2h 21m,0,0,0,0,1,7.494,4,tt0087553,7.8,93.0,76.0,0,0,0,0,0,0,0,1,0,0,0,0,0,0,0,0,0,0,0,0,1,0,0,0,0
1984,A Passage to India,0,2h 43m,0,0,0,0,0,6.785,4,tt0087892,7.3,79.0,78.0,0,0,0,0,0,0,0,1,0,0,0,0,0,0,0,0,0,0,0,0,0,0,0,0,0
1984,Places in the Heart,0,1h 51m,1,0,0,0,0,7.152,3,tt0087921,7.4,89.0,70.0,0,0,0,0,0,0,0,1,0,0,0,0,0,0,0,0,0,0,0,0,0,0,0,1,1
1984,A Soldier's Story,0,,0,0,0,0,0,6.7,3,tt0088146,7.2,91.0,66.0,0,0,0,0,0,0,0,0,0,0,0,0,0,0,0,0,0,0,0,0,0,0,0,1,0
1985,The Color Purple,0,2h 21m,0,0,0,0,0,6.538,4,tt0088939,7.7,73.0,78.0,0,0,0,0,0,0,0,1,0,0,0,0,0,0,1,0,0,0,0,0,1,0,0,0,0
1985,Kiss of the Spider Woman,0,1h 59m,0,0,0,0,0,7.034,3,tt0089424,7.3,86.0,80.0,0,0,0,0,0,0,0,1,0,0,0,0,0,0,0,0,0,0,0,0,0,0,0,0,1
1985,Out of Africa,1,2h 40m,1,0,0,0,0,7.168,4,tt0089755,7.1,63.0,69.0,0,0,0,1,0,0,0,0,0,0,0,0,0,0,0,0,1,0,0,0,0,0,0,0,1
1985,Prizzi's Honor,0,,1,0,0,0,0,6.348,2,tt0089841,6.7,85.0,84.0,0,0,0,0,0,0,0,0,0,0,0,0,0,0,0,0,0,0,0,0,0,0,0,1,1
1985,Witness,0,14m,0,0,0,0,1,7.082,1,tt0090329,7.4,93.0,76.0,0,0,0,0,0,0,0,0,0,0,0,0,0,0,0,1,0,0,0,0,1,0,0,0,1
1986,Children of a Lesser God,0,1h 57m,1,0,0,0,0,6.93,3,tt0090830,7.2,80.0,80.0,0,0,0,0,0,0,0,1,0,0,0,0,0,0,0,0,0,0,0,0,0,0,0,0,1
1986,Hannah and Her Sisters,0,1h 46m,0,0,0,0,0,7.498,1,tt0091167,7.8,91.0,90.0,0,0,0,0,1,0,0,1,0,0,0,0,0,0,0,0,0,0,0,0,0,0,0,1,1
1986,The Mission,0,1h 50m,0,0,0,0,1,7.396,3,tt0091530,7.4,66.0,55.0,0,0,0,0,1,0,0,0,0,0,0,0,0,0,0,1,0,0,0,0,1,0,0,0,0
1986,Platoon,1,2h 0m,1,0,0,0,1,7.749,4,tt0091763,8.1,89.0,92.0,0,0,0,0,0,0,0,1,0,0,0,0,0,0,0,0,0,0,1,0,1,0,0,0,1
1986,A Room with a View,0,1h 33m,0,0,0,0,0,6.992,1,,,,,0,0,0,0,0,0,0,1,0,0,0,0,0,0,0,0,0,0,0,0,0,0,0,0,0
1987,Broadcast News,0,2h 12m,0,0,0,0,0,6.716,4,tt0092699,7.3,98.0,84.0,0,0,0,0,1,0,0,0,0,0,0,0,0,0,0,0,1,0,0,0,0,0,0,0,1
1987,Fatal Attraction,0,1h 38m,0,0,0,0,1,6.846,3,tt0093010,6.9,74.0,67.0,0,0,0,0,1,0,0,1,0,0,0,0,0,0,0,0,0,0,0,0,1,0,0,1,1
1987,Hope and Glory,0,1h 51m,0,0,0,0,0,6.793,3,tt0093209,7.3,96.0,86.0,0,0,0,0,1,0,0,1,0,0,0,0,0,0,0,0,0,0,0,0,0,0,0,0,1
1987,The Last Emperor,1,,0,1,0,0,1,7.6,4,tt0093389,7.7,86.0,76.0,0,0,0,0,0,0,0,0,0,0,0,0,0,0,0,0,0,0,0,0,1,0,0,1,0
1987,Moonstruck,0,1h 41m,1,0,0,0,0,6.865,4,tt0093565,7.2,92.0,83.0,0,0,0,0,1,0,0,0,0,0,0,0,0,0,0,0,1,0,0,0,1,0,0,0,1
1988,The Accidental Tourist,0,2h 1m,0,0,0,0,0,6.21,4,tt0094606,6.7,82.0,53.0,0,0,0,0,0,0,0,1,0,0,0,0,0,0,0,0,0,0,0,0,1,0,0,0,0
1988,Dangerous Liaisons,0,2h 0m,0,0,0,0,1,7.222,4,tt0094947,7.6,94.0,74.0,0,0,0,0,0,0,0,1,0,0,0,0,0,0,0,0,0,0,0,0,1,0,0,0,0
1988,Mississippi Burning,0,2h 5m,0,0,0,0,1,7.7,4,tt0095647,7.8,79.0,65.0,0,0,0,0,0,1,0,1,0,0,0,0,0,0,0,0,0,0,0,0,1,0,0,1,1
1988,Rain Man,1,2h 13m,1,1,0,0,0,7.758,4,tt0095953,8.0,88.0,65.0,0,0,0,0,0,0,0,1,0,0,0,0,0,0,0,0,0,0,0,0,1,0,0,1,1
1988,Working Girl,0,1h 53m,1,0,0,0,0,6.6,4,tt0096463,6.8,83.0,73.0,0,0,0,0,1,0,0,0,0,0,0,0,0,0,0,0,1,0,0,0,1,0,0,1,1
1989,Born on the Fourth of July,0,2h 24m,1,0,0,0,0,7.001,4,tt0096969,7.2,84.0,75.0,0,0,0,0,0,0,0,1,0,0,0,0,0,0,0,0,0,0,0,0,0,0,0,0,1
1989,Dead Poets Society,0,2h 8m,0,0,0,0,1,8.313,2,tt0097165,8.1,84.0,79.0,0,0,0,0,0,0,0,1,0,0,0,0,0,0,0,0,0,0,0,0,1,0,0,1,1
1989,Driving Miss Daisy,1,1h 39m,1,0,1,0,0,7.231,4,tt0097239,7.3,85.0,81.0,0,0,0,0,1,0,0,1,0,0,0,0,0,0,0,0,0,0,0,0,1,0,1,0,1
1989,Field of Dreams,0,1h 46m,0,0,0,0,0,7.105,2,tt0097351,7.5,88.0,57.0,0,0,0,0,0,0,0,0,1,0,0,0,0,0,0,0,0,0,0,0,0,0,0,1,0
1989,My Left Foot,0,1h 43m,0,0,0,0,0,7.521,2,tt0097937,7.8,98.0,97.0,0,0,0,1,0,0,0,0,0,0,0,0,0,0,0,0,0,0,0,0,1,0,0,0,1
1990,Awakenings,0,,0,0,0,0,0,7.758,4,tt0099077,7.8,84.0,74.0,0,0,0,0,0,0,0,0,0,0,0,0,0,0,0,0,0,0,0,0,0,0,0,0,1
1990,Dances With Wolves,1,3h 0m,0,0,0,0,0,7.847,1,tt0099348,8.0,87.0,72.0,0,0,0,0,0,0,0,1,0,1,0,0,0,0,0,0,0,0,0,0,1,0,0,0,0
1990,Ghost,0,,1,0,0,0,0,7.209,3,tt0099653,7.1,75.0,52.0,0,0,0,0,0,0,0,0,0,0,0,0,0,0,0,0,0,0,0,0,1,0,0,0,1
1990,"The Godfather, Part III",0,,0,0,0,0,0,7.426,4,tt0099674,7.6,66.0,60.0,0,0,0,0,0,0,0,0,0,0,0,0,0,0,0,0,0,0,0,0,0,0,0,0,0
1990,Good Fellas,0,,0,0,0,0,0,0.0,3,,,,,0,0,0,0,0,0,0,0,0,0,0,0,0,0,0,0,0,0,0,0,0,0,0,0,0
1991,Beauty and the Beast,0,47m,1,0,0,0,0,7.734,4,tt0101414,8.0,93.0,95.0,0,0,0,0,0,0,0,0,1,0,0,0,1,0,0,0,0,0,0,0,1,0,0,0,1
1991,Bugsy,0,2h 15m,0,0,0,0,0,6.373,4,tt0101516,6.8,84.0,80.0,0,0,0,1,0,1,0,0,0,0,0,0,0,0,0,0,0,0,0,0,0,0,0,1,1
1991,JFK,0,3h 9m,1,0,0,0,1,7.597,4,tt0102138,8.0,84.0,72.0,0,0,0,0,0,0,0,1,0,1,0,0,0,0,0,0,0,0,0,0,1,0,0,0,1
1991,The Prince of Tides,0,,0,0,0,0,0,6.622,4,tt0102713,6.8,68.0,65.0,0,0,0,0,0,0,0,0,0,0,0,0,0,0,0,0,0,0,0,0,0,0,1,1,0
1991,The Silence of the Lambs,1,1h 59m,0,0,0,0,0,8.345,1,tt0102926,8.6,95.0,86.0,0,0,0,0,0,1,0,0,0,0,0,0,0,0,0,1,0,0,0,0,0,0,0,0,0
1992,The Crying Game,0,,0,0,1,0,1,6.9,3,tt0104036,7.2,95.0,90.0,0,0,0,0,0,0,0,0,0,0,0,0,0,0,0,0,0,0,0,0,1,0,1,1,0
1992,A Few Good Men,0,,0,0,0,0,0,7.531,4,tt0104257,7.7,84.0,62.0,0,0,0,0,0,0,0,0,0,0,0,0,0,0,0,0,0,0,0,0,0,0,1,1,0
1992,Howards End,0,2h 20m,1,0,0,0,1,7.046,1,tt0104454,7.4,94.0,88.0,0,0,0,0,0,0,0,1,0,0,0,0,0,0,0,0,0,0,0,0,1,0,0,0,1
1992,Scent of a Woman,0,,1,0,0,0,0,7.8,4,tt0105323,8.0,85.0,59.0,0,0,0,0,0,0,0,0,0,0,0,0,0,0,0,0,0,0,0,0,0,0,0,0,1
1992,Unforgiven,1,57m,1,1,0,0,0,7.916,3,tt0105695,8.2,96.0,85.0,0,0,0,0,0,1,0,1,0,0,0,0,0,0,0,0,0,0,0,0,1,0,1,1,1
1993,The Fugitive,0,17m,0,0,0,0,1,7.466,3,tt0106977,7.8,96.0,87.0,0,0,0,0,0,0,0,1,0,0,0,0,0,0,0,0,0,0,1,0,1,0,0,0,0
1993,In the Name of the Father,0,2h 12m,0,0,0,0,0,7.903,4,tt0107207,8.1,94.0,84.0,0,0,0,1,0,1,0,0,0,0,0,0,0,0,0,0,0,0,0,0,0,0,0,0,1
1993,The Piano,0,1h 20m,1,0,0,0,1,7.378,2,tt0107822,7.5,90.0,89.0,0,0,0,0,0,0,1,0,0,0,0,0,0,0,0,0,0,0,0,0,1,0,1,1,1
1993,The Remains of the Day,0,,0,0,0,0,0,7.364,4,tt0107943,7.8,96.0,86.0,0,0,0,0,0,0,0,0,0,0,0,0,0,0,0,0,0,0,0,0,0,0,0,0,0
1993,Schindler's List,1,,1,1,1,0,1,8.6,4,tt0108052,9.0,98.0,95.0,0,0,0,0,0,0,0,0,0,0,0,0,0,0,0,0,0,0,0,0,1,0,1,1,1
1994,Forrest Gump,1,2h 22m,1,1,1,0,0,8.477,2,tt0109830,8.8,71.0,82.0,0,0,0,0,1,0,0,1,0,0,0,0,0,0,0,0,0,0,0,0,1,0,1,1,1
1994,Four Weddings and a Funeral,0,1h 56m,1,0,0,0,0,6.8,1,tt0109831,7.1,96.0,81.0,0,0,0,0,1,0,0,0,0,0,0,0,0,0,0,0,1,0,0,0,0,0,1,1,1
1994,Pulp Fiction,0,2h 33m,1,0,0,0,1,8.489,3,tt0110912,8.9,92.0,95.0,0,0,0,0,0,1,0,1,0,0,0,0,0,0,0,0,0,0,0,0,1,0,1,1,1
1994,Quiz Show,0,2h 10m,0,0,0,0,1,7.272,3,tt0110932,7.5,97.0,92.0,0,0,0,0,0,0,0,1,0,0,0,0,0,0,0,0,0,0,0,0,1,0,0,0,1
1994,The Shawshank Redemption,0,2h 22m,0,0,0,0,0,8.711,3,tt0111161,9.3,91.0,82.0,0,0,0,0,0,0,0,1,0,0,0,0,0,0,0,0,0,0,0,0,0,0,1,1,0
1995,Apollo 13,0,2h 20m,0,0,0,0,1,7.45,2,tt0112384,7.7,96.0,77.0,0,0,0,0,0,0,0,1,0,1,0,0,0,0,0,0,0,0,0,0,1,0,0,0,1
1995,Babe,0,1h 34m,0,0,0,0,0,6.191,3,tt0112431,6.9,97.0,83.0,0,0,0,0,1,0,0,0,0,0,0,0,1,0,0,0,0,0,0,0,1,0,0,0,0
1995,Braveheart,1,1h 11m,1,0,0,0,1,7.937,2,tt0112573,8.3,76.0,68.0,1,0,0,0,0,0,0,0,0,0,0,0,0,0,0,0,0,0,0,0,1,0,0,1,1
1995,The Postman (Il Postino),0,,0,0,0,0,1,7.936,2,,,,,0,0,0,0,0,0,0,0,0,0,0,0,0,0,0,0,0,0,0,0,1,0,0,0,0
1995,Sense and Sensibility,0,2h 54m,1,0,0,0,0,7.438,4,tt0114388,7.7,97.0,84.0,0,0,0,0,0,0,0,1,0,0,0,0,0,0,0,0,1,0,0,0,0,0,0,0,1
1996,The English Patient,1,,1,0,0,0,0,7.174,4,tt0116209,7.4,86.0,87.0,0,0,0,0,0,0,0,0,0,0,0,0,0,0,0,0,0,0,0,0,0,0,0,0,1
1996,Fargo,0,1h 37m,1,0,0,0,0,7.864,1,tt0116282,8.1,94.0,86.0,0,0,0,0,1,1,0,0,0,0,0,0,0,0,0,0,0,0,0,0,0,0,0,0,1
1996,Jerry Maguire,0,2h 18m,1,0,0,0,0,6.951,4,tt0116695,7.3,84.0,77.0,0,0,0,0,1,0,0,0,0,0,0,0,0,0,0,0,1,0,0,0,0,0,0,1,1
1996,Secrets & Lies,0,,1,0,0,0,0,7.719,4,tt0117590,,,,0,0,0,0,0,0,0,0,0,0,0,0,0,0,0,0,0,0,0,0,0,0,0,0,1
1996,Shine,0,1h 45m,1,0,0,0,0,7.366,3,tt0117631,7.6,91.0,87.0,0,0,0,1,0,0,0,1,0,0,0,0,0,0,0,0,0,0,0,0,0,0,0,0,1
1997,As Good as It Gets,0,2h 18m,1,0,0,0,0,7.395,4,tt0119822,7.7,86.0,67.0,0,0,0,0,1,0,0,0,0,0,0,0,0,0,0,0,1,0,0,0,0,0,1,1,1
1997,The Full Monty,0,,0,0,0,1,0,6.986,3,tt0119164,7.2,96.0,75.0,0,0,0,0,0,0,0,0,0,0,0,0,0,0,0,0,0,0,0,0,0,1,0,0,0
1997,Good Will Hunting,0,2h 6m,1,0,0,0,0,8.154,4,tt0119217,8.3,97.0,70.0,0,0,0,0,0,0,0,1,0,0,0,0,0,0,0,0,0,0,0,0,0,1,1,1,1
1997,L.A. Confidential,0,,1,0,0,0,0,7.79,3,tt0119488,8.2,99.0,91.0,0,0,0,0,0,0,0,0,0,0,0,0,0,0,0,0,0,0,0,0,0,0,0,0,1
1997,Titanic,1,3h 15m,1,0,0,0,0,7.902,4,tt0120338,7.9,88.0,75.0,0,0,0,0,0,0,0,1,0,1,0,0,0,0,0,0,0,0,0,0,0,0,0,0,1
1998,Elizabeth,0,,1,0,0,0,0,7.176,3,tt0127536,7.4,83.0,75.0,0,0,0,0,0,0,0,0,0,0,0,0,0,0,0,0,0,0,0,0,0,0,0,0,1
1998,Life Is Beautiful,0,2h 4m,0,0,0,0,0,8.456,4,,,,,0,0,0,0,0,0,0,1,0,0,0,0,0,0,0,0,0,0,0,0,0,1,1,1,0
1998,Saving Private Ryan,0,2h 49m,1,1,1,0,0,8.211,3,tt0120815,8.6,94.0,91.0,0,0,0,0,0,0,0,0,0,1,0,0,0,0,0,0,0,0,1,0,0,1,1,1,1
1998,Shakespeare in Love,1,2h 2m,1,0,0,1,0,6.871,4,tt0138097,7.1,92.0,87.0,0,0,0,0,1,0,0,0,0,0,0,0,0,0,0,0,1,0,0,0,0,1,1,1,1
1998,The Thin Red Line,0,,0,0,0,0,0,7.446,4,tt0120863,7.6,80.0,78.0,0,0,0,0,0,0,0,0,0,0,0,0,0,0,0,0,0,0,0,0,0,0,0,0,0
1999,American Beauty,1,2h 2m,1,0,0,0,0,8.019,3,tt0169547,8.3,87.0,84.0,0,0,0,0,1,0,0,1,0,0,0,0,0,0,0,0,0,0,0,0,0,0,0,0,1
1999,The Cider House Rules,0,,0,0,0,0,0,7.02,4,tt0124315,7.4,71.0,75.0,0,0,0,0,0,0,0,0,0,0,0,0,0,0,0,0,0,0,0,0,0,0,0,0,0
1999,The Green Mile,0,3h 9m,0,0,0,0,0,8.51,4,tt0120689,8.6,79.0,61.0,0,0,0,0,0,0,0,1,1,0,0,0,0,0,0,0,0,0,0,0,0,0,0,0,0
1999,The Insider,0,1h 23m,0,0,0,0,0,7.462,4,tt0140352,7.8,96.0,84.0,0,0,0,0,0,1,0,1,0,0,0,0,0,0,0,0,0,0,0,0,0,0,0,0,1
1999,The Sixth Sense,0,,0,0,0,0,0,7.948,3,tt0167404,8.2,86.0,64.0,0,0,0,0,0,0,0,0,0,0,0,0,0,0,0,0,0,0,0,0,0,0,0,1,0
2000,Chocolat,0,2h 1m,0,0,0,0,0,6.968,4,tt0241303,7.3,63.0,64.0,0,0,0,0,0,0,0,1,0,0,0,0,0,0,0,0,0,0,0,0,1,0,0,0,1
2000,"Crouching Tiger, Hidden Dragon",0,,1,1,0,0,0,7.4,3,tt0190332,7.9,98.0,94.0,0,0,0,0,0,0,0,0,0,0,0,0,0,0,0,0,0,0,0,0,0,0,1,1,1
2000,Erin Brockovich,0,2h 11m,1,0,0,0,0,7.428,1,tt0195685,7.4,85.0,73.0,0,0,0,0,0,0,0,1,0,0,0,0,0,0,0,0,0,0,0,0,1,0,0,0,1
2000,Gladiator,1,2h 34m,1,0,0,0,1,8.213,2,tt0172495,8.5,79.0,67.0,0,0,0,0,0,0,0,1,0,1,0,0,0,0,0,0,0,0,0,0,1,0,0,0,1
2000,Traffic,0,,1,0,0,0,1,7.045,4,tt0181865,7.6,93.0,86.0,0,0,0,0,0,0,0,0,0,0,0,0,0,0,0,0,0,0,0,0,1,0,0,0,1
2001,A Beautiful Mind,1,2h 15m,1,0,0,0,0,7.855,4,tt0268978,8.2,74.0,72.0,0,0,0,1,0,0,0,1,0,0,0,0,0,0,0,0,0,0,0,0,0,0,0,0,1
2001,Gosford Park,0,2h 17m,1,0,0,1,0,6.8,4,tt0280707,7.2,87.0,90.0,0,0,0,0,1,0,0,0,0,0,0,0,0,0,0,1,0,0,0,0,0,1,0,0,1
2001,In the Bedroom,0,2h 18m,1,0,0,0,0,6.922,4,tt0247425,7.4,93.0,86.0,0,0,0,0,0,0,0,1,0,0,0,0,0,0,0,0,0,0,0,0,0,1,0,0,1
2001,The Lord of the Rings: The Fellowship of the Ring,0,,0,0,0,0,0,8.407,4,tt0120737,8.9,91.0,92.0,0,0,0,0,0,0,0,0,0,0,0,0,0,0,0,0,0,0,0,0,0,1,1,1,1
2001,Moulin Rouge,0,1h 59m,1,0,0,0,0,7.572,2,tt0203009,7.6,75.0,66.0,0,0,0,0,0,0,0,1,0,0,0,0,0,0,0,0,0,0,0,0,1,0,0,0,1
2002,Chicago,1,1h 53m,1,0,0,0,0,7.1,4,tt0299658,7.2,86.0,81.0,0,0,0,0,0,0,0,1,0,0,0,0,0,0,1,0,0,0,0,0,0,0,0,0,1
2002,Gangs of New York,0,2h 48m,1,0,0,0,0,7.318,4,tt0217505,7.5,73.0,72.0,0,0,0,0,0,0,0,1,0,1,0,0,0,0,0,0,0,0,0,0,0,0,1,1,1
2002,The Hours,0,,1,0,0,0,0,7.291,4,tt0274558,7.5,79.0,80.0,0,0,0,0,0,0,0,0,0,0,0,0,0,0,0,0,0,0,0,0,0,0,0,0,1
2002,The Lord of the Rings: The Two Towers,0,,0,0,0,0,0,8.391,4,tt0167261,8.8,95.0,87.0,0,0,0,0,0,0,0,0,0,0,0,0,0,0,0,0,0,0,0,0,0,1,1,1,0
2002,The Pianist,0,1h 53m,0,0,0,0,0,8.385,3,tt0253474,8.5,95.0,85.0,0,0,0,0,0,0,0,0,0,0,0,0,0,0,0,0,1,0,0,0,0,0,0,0,0
2003,The Lord of the Rings: The Return of the King,1,,1,1,1,1,0,8.476,4,tt0167260,9.0,94.0,94.0,0,0,0,0,0,0,0,0,0,0,0,0,0,0,0,0,0,0,0,0,0,1,1,1,1
2003,Lost in Translation,0,1h 42m,1,0,0,0,0,7.393,3,tt0335266,7.7,95.0,91.0,0,0,0,0,1,0,0,1,0,0,0,0,0,0,0,0,0,0,0,0,0,0,0,0,1
2003,Master and Commander: The Far Side of the World,0,,0,0,0,0,0,7.138,4,tt0311113,7.5,85.0,81.0,0,0,0,0,0,0,0,0,0,0,0,0,0,0,0,0,0,0,0,0,0,0,1,1,1
2003,Mystic River,0,2h 17m,1,0,0,0,0,7.745,1,tt0327056,7.9,89.0,84.0,0,0,0,0,0,1,0,1,0,0,0,0,0,0,0,0,0,0,0,0,0,0,0,0,1
2003,Seabiscuit,0,2h 20m,0,0,0,0,0,7.013,3,tt0329575,7.3,78.0,72.0,0,0,0,0,0,0,0,1,0,0,0,0,0,0,0,0,0,0,0,0,0,0,0,0,1
2004,The Aviator,0,2h 46m,1,0,0,0,0,7.225,4,tt0338751,7.5,86.0,77.0,0,0,0,1,0,0,0,0,0,1,0,0,0,0,0,0,0,0,0,0,0,0,0,0,1
2004,Finding Neverland,0,1h 46m,0,0,0,0,0,7.321,4,tt0308644,7.7,83.0,67.0,0,0,0,0,0,0,0,1,0,0,0,0,1,0,0,0,0,0,0,0,0,0,0,0,1
2004,Million Dollar Baby,1,2h 12m,1,1,0,0,0,7.953,4,tt0405159,8.1,90.0,86.0,0,0,0,0,0,0,0,1,0,0,0,0,0,0,0,0,0,0,0,0,0,1,1,1,1
2004,Ray,0,2h 35m,1,0,0,0,0,7.44,4,tt0350258,7.7,79.0,73.0,0,0,0,1,0,0,0,0,0,1,0,0,0,0,0,0,0,0,0,0,0,0,0,0,1
2004,Sideways,0,2h 6m,1,0,0,1,0,7.098,4,tt0375063,7.5,97.0,94.0,0,0,0,0,1,0,0,1,0,0,0,0,0,0,0,0,0,0,0,0,0,1,1,1,1
2005,Brokeback Mountain,0,2h 14m,1,1,1,0,0,7.799,3,tt0388795,7.7,88.0,87.0,0,0,0,0,0,0,0,1,0,0,0,0,0,0,0,0,1,0,0,0,0,1,1,1,1
2005,Capote,0,,1,0,0,0,0,6.99,3,tt0379725,7.3,89.0,88.0,0,0,0,0,0,0,0,0,0,0,0,0,0,0,0,0,0,0,0,0,0,0,0,0,1
2005,Crash,1,13m,0,0,0,0,0,6.4,3,tt0965408,8.0,,,1,0,0,0,0,0,0,1,0,0,0,0,0,0,0,0,0,0,0,0,0,0,0,0,1
2005,"Good Night, and Good Luck.",0,,0,0,0,0,0,7.084,3,tt0433383,7.4,93.0,80.0,0,0,0,0,0,0,0,0,0,0,0,0,0,0,0,0,0,0,0,0,0,0,0,0,0
2005,Munich,0,2h 44m,0,0,0,0,0,7.148,4,tt0408306,7.5,78.0,74.0,0,0,0,0,0,0,0,1,0,0,0,0,0,0,0,1,0,0,0,0,0,0,0,0,1
2006,Babel,0,2h 22m,0,0,0,0,0,7.182,4,tt0449467,7.5,69.0,69.0,0,0,0,0,0,0,0,1,0,0,0,0,0,0,0,0,0,0,0,0,0,0,0,0,1
2006,The Departed,1,2h 32m,0,1,0,0,0,8.166,4,tt0407887,8.5,91.0,85.0,0,0,0,0,0,1,0,1,0,0,0,0,0,0,0,0,0,0,0,0,0,1,1,1,0
2006,Letters from Iwo Jima,0,2h 21m,0,0,0,0,0,7.464,4,tt0498380,7.8,91.0,89.0,0,0,0,0,0,0,0,0,0,1,0,0,0,0,0,0,0,0,1,0,0,0,0,0,1
2006,Little Miss Sunshine,0,1h 42m,0,0,1,1,0,7.682,3,tt0449059,7.8,91.0,80.0,0,0,0,0,1,0,0,1,0,0,0,0,0,0,0,0,0,0,0,0,0,1,1,1,1
2006,The Queen,0,1h 41m,0,0,0,0,0,6.957,3,tt0436697,7.3,92.0,90.0,0,0,0,1,0,0,0,1,0,0,0,0,0,0,0,0,0,0,0,0,0,0,0,0,0
2007,Atonement,0,2h 3m,1,0,0,0,0,7.649,3,tt0783233,7.8,83.0,85.0,0,0,0,0,0,0,0,1,0,0,0,0,0,0,0,0,1,0,0,0,0,0,0,0,1
2007,Juno,0,1h 36m,0,0,0,0,0,7.049,4,tt0467406,7.5,94.0,81.0,0,0,0,0,1,0,0,1,0,0,0,0,0,0,0,0,0,0,0,0,0,0,0,0,1
2007,Michael Clayton,0,2h 0m,0,0,0,0,0,6.775,3,tt0465538,7.2,90.0,82.0,0,0,0,0,0,0,0,1,0,0,0,0,0,0,0,0,0,0,0,0,0,0,0,1,1
2007,No Country for Old Men,1,2h 2m,1,1,1,1,0,7.937,2,tt0477348,8.2,93.0,92.0,0,0,0,0,0,1,0,1,0,0,0,0,0,0,0,0,0,0,0,0,0,1,1,1,1
2007,There Will Be Blood,0,2h 38m,1,0,0,0,0,8.086,4,tt0469494,8.2,91.0,93.0,0,0,0,0,0,0,0,1,0,0,0,0,0,0,0,0,0,0,0,0,0,0,1,1,1
2008,The Curious Case of Benjamin Button,0,,0,0,0,0,0,7.583,4,tt0421715,7.8,71.0,70.0,0,0,0,0,0,0,0,0,0,0,0,0,0,0,0,0,0,0,0,0,0,0,0,0,1
2008,Frost/Nixon,0,,0,0,0,0,0,7.305,4,tt0870111,7.7,93.0,80.0,0,0,0,0,0,0,0,0,0,0,0,0,0,0,0,0,0,0,0,0,0,0,0,0,1
2008,Milk,0,2h 8m,0,0,0,0,0,7.251,4,tt1013753,7.5,93.0,83.0,0,0,0,1,0,0,0,1,0,0,0,0,0,0,0,0,0,0,0,0,0,0,0,0,1
2008,The Reader,0,1h 37m,0,0,0,0,0,7.442,4,tt0976051,7.6,63.0,58.0,1,0,0,0,0,0,0,1,0,0,0,0,0,0,0,0,0,0,0,0,0,0,0,0,0
2008,Slumdog Millionaire,1,1h 56m,1,1,1,1,0,7.732,4,tt1010048,8.0,91.0,84.0,0,0,0,0,1,0,0,1,0,0,0,0,0,0,0,0,0,0,0,0,0,1,1,1,1
2009,Avatar,0,2h 35m,1,0,0,0,0,7.576,4,tt0499549,7.9,81.0,83.0,0,1,0,0,0,0,0,0,0,0,0,0,0,0,0,0,0,1,0,0,0,0,0,0,1
2009,The Blind Side,0,2h 8m,0,0,0,0,0,7.691,4,tt0878804,7.6,66.0,53.0,0,0,0,1,0,0,0,1,0,0,0,0,0,0,0,0,0,0,0,0,0,0,0,0,0
2009,District 9,0,1h 51m,0,0,0,0,0,7.429,3,tt1136608,7.9,90.0,81.0,0,0,0,0,0,0,0,0,0,0,0,0,0,0,0,0,0,1,0,0,0,0,1,0,1
2009,An Education,0,1h 40m,0,0,0,0,0,6.941,4,tt1174732,7.3,93.0,85.0,0,0,0,0,0,0,0,1,0,0,0,0,0,0,0,0,0,0,0,0,0,1,1,0,0
2009,The Hurt Locker,1,2h 7m,0,1,1,0,0,7.257,4,,,,,0,0,0,0,0,0,0,1,0,0,0,0,0,0,0,0,0,0,1,0,0,1,1,1,0
2009,Inglourious Basterds,0,2h 32m,1,0,0,1,0,8.216,3,tt0361748,8.4,89.0,69.0,0,0,0,0,1,0,0,0,0,0,0,0,0,0,0,0,0,0,1,0,0,1,1,1,1
2009,Precious: Based on the Novel 'Push' by Sapphire,0,,0,0,0,0,0,7.332,4,,,,,0,0,0,0,0,0,0,0,0,0,0,0,0,0,0,0,0,0,0,0,0,0,0,0,0
2009,A Serious Man,0,1h 45m,0,0,0,0,0,6.7,3,tt1019452,7.0,89.0,88.0,0,0,0,0,1,0,0,1,0,0,0,0,0,0,0,0,0,0,0,0,0,0,0,0,0
2009,Up,0,1h 36m,1,0,0,0,0,7.953,2,tt1049413,8.3,98.0,88.0,0,0,0,0,1,0,0,0,0,0,0,0,1,0,0,0,0,0,0,0,0,0,0,0,1
2009,Up in the Air,0,1h 2m,0,0,0,0,0,6.9,4,tt1193138,7.4,90.0,83.0,0,0,0,0,1,0,0,0,0,0,0,0,0,0,0,1,0,0,0,0,0,0,0,0,0
2010,Black Swan,0,1h 25m,1,0,0,0,0,7.7,4,tt0947798,8.0,85.0,79.0,0,1,0,0,0,0,0,0,0,0,0,0,0,0,0,0,0,0,0,0,0,0,0,0,1
2010,The Fighter,0,1h 56m,0,0,0,0,0,7.383,4,tt0964517,7.8,91.0,79.0,0,0,0,1,0,0,0,1,0,0,0,0,0,0,0,0,0,0,0,0,0,1,1,1,0
2010,Inception,0,2h 28m,0,0,0,0,0,8.367,3,tt1375666,8.8,87.0,74.0,0,0,0,0,0,0,0,0,0,0,0,0,0,0,0,1,0,1,0,0,0,0,1,1,1
2010,The Kids Are All Right,0,1h 44m,0,0,0,0,0,6.59,3,tt0842926,7.0,92.0,86.0,0,0,0,0,1,0,0,1,0,0,0,0,0,0,0,0,0,0,0,0,0,0,0,0,0
2010,The King's Speech,1,,1,1,1,1,0,7.742,4,tt1504320,8.0,94.0,88.0,0,0,0,0,0,0,0,0,0,0,0,0,0,0,0,0,0,0,0,0,0,1,1,1,1
2010,127 Hours,0,1h 33m,0,0,0,0,0,7.076,4,tt1542344,7.5,93.0,82.0,0,0,0,1,0,0,0,1,0,0,0,0,0,0,0,0,0,0,0,0,0,0,1,0,1
2010,The Social Network,0,2h 0m,1,0,0,0,0,7.363,4,tt1285016,7.8,96.0,95.0,0,0,0,1,0,0,0,1,0,0,0,0,0,0,0,0,0,0,0,0,0,1,1,1,1
2010,Toy Story 3,0,1h 42m,0,0,0,0,0,7.792,2,tt0435761,8.3,98.0,92.0,0,0,0,0,1,0,0,0,0,0,0,0,1,0,0,0,0,0,0,0,0,0,1,0,0
2010,True Grit,0,2h 8m,1,0,0,0,0,7.303,4,tt1403865,7.6,95.0,80.0,0,0,0,0,0,0,0,0,0,0,0,0,0,0,0,0,0,0,0,1,0,0,0,0,1
2010,Winter's Bone,0,,0,0,0,0,0,6.811,2,tt1399683,7.1,94.0,90.0,0,0,0,0,0,0,0,0,0,0,0,0,0,0,0,0,0,0,0,0,0,0,0,0,1
2011,The Artist,1,1h 40m,1,0,0,0,0,7.455,4,tt1655442,7.9,95.0,89.0,0,0,0,0,1,0,0,0,0,0,0,0,0,0,0,0,1,0,0,0,0,0,0,0,1
2011,The Descendants,0,1h 55m,0,0,0,0,0,6.831,3,tt1033575,7.3,87.0,84.0,0,0,0,0,1,0,0,1,0,0,0,0,0,0,0,0,0,0,0,0,0,1,1,1,0
2011,Extremely Loud & Incredibly Close,0,,0,0,0,0,0,6.975,4,tt0477302,6.9,45.0,46.0,0,0,0,0,0,0,0,0,0,0,0,0,0,0,0,0,0,0,0,0,0,0,0,0,0
2011,The Help,0,2h 26m,1,0,0,0,0,8.204,3,tt1454029,8.1,76.0,62.0,0,0,0,0,0,0,0,1,0,0,0,0,0,0,0,0,0,0,0,0,0,0,0,0,1
2011,Hugo,0,2h 6m,1,0,0,0,0,7.176,4,tt0970179,7.5,93.0,83.0,0,1,0,0,0,0,0,0,1,0,0,0,0,0,0,0,0,0,0,0,0,0,0,0,1
2011,Midnight in Paris,0,1h 34m,0,0,0,0,0,7.534,2,tt1605783,7.6,93.0,81.0,0,0,0,0,1,0,0,0,0,0,0,0,0,0,0,0,1,0,0,0,0,1,1,1,0
2011,Moneyball,0,2h 13m,0,0,0,0,0,7.27,3,tt1210166,7.6,94.0,87.0,0,0,0,0,0,0,0,1,0,0,0,0,0,0,0,0,0,0,0,0,0,0,0,0,1
2011,The Tree of Life,0,2h 18m,0,0,0,0,0,6.741,2,tt0478304,6.8,85.0,85.0,0,0,0,0,0,0,0,1,0,0,0,0,0,0,0,0,0,0,0,0,0,0,0,0,0
2011,War Horse,0,2h 26m,0,0,0,0,0,7.305,4,tt1568911,7.2,75.0,72.0,0,0,0,0,0,0,0,1,0,1,0,0,0,0,0,0,0,0,0,0,0,0,0,0,1
2012,Amour,0,2h 7m,0,0,0,0,0,7.765,3,tt1602620,7.9,93.0,95.0,0,0,0,0,0,0,0,1,0,0,0,0,0,0,0,0,0,0,0,0,0,0,0,0,0
2012,Argo,1,2h 0m,1,0,0,0,0,7.277,4,tt1024648,7.7,96.0,86.0,0,0,0,0,0,0,0,1,0,1,0,0,0,0,0,0,0,0,0,0,0,0,0,0,1
2012,Beasts of the Southern Wild,0,1h 33m,0,0,0,0,0,6.816,2,tt2125435,7.2,87.0,86.0,0,1,0,0,0,0,0,1,0,0,0,0,0,0,0,0,0,0,0,0,0,0,1,0,0
2012,Django Unchained,0,2h 45m,1,0,0,0,0,8.2,4,tt1853728,8.5,87.0,81.0,0,0,0,0,0,0,0,1,0,0,0,0,0,0,0,0,0,0,0,1,0,0,1,0,1
2012,Les Misrables,0,,1,0,0,0,0,6.894,4,tt1707386,7.5,70.0,63.0,0,0,0,0,0,0,0,0,0,0,0,0,0,0,0,0,0,0,0,0,0,0,0,0,1
2012,Life of Pi,0,2h 5m,1,0,0,0,0,7.397,4,tt0454876,7.9,86.0,79.0,0,1,0,0,0,0,0,1,0,0,0,0,0,0,0,0,0,0,0,0,0,0,0,0,1
2012,Lincoln,0,2h 29m,1,0,0,0,0,6.863,4,tt0443272,7.3,90.0,87.0,0,0,0,0,0,0,0,1,0,1,0,0,0,0,0,0,0,0,0,0,0,0,0,0,1
2012,Silver Linings Playbook,0,2h 2m,1,0,0,0,0,7.135,4,tt1045658,7.7,92.0,81.0,0,0,0,0,1,0,0,1,0,0,0,0,0,0,0,0,0,0,0,0,0,1,1,0,1
2012,Zero Dark Thirty,0,2h 37m,0,0,0,0,0,6.986,4,tt1790885,7.4,91.0,95.0,0,0,0,0,0,0,0,1,0,0,0,0,0,0,0,1,0,0,0,0,0,0,1,1,0
2013,American Hustle,0,2h 18m,1,0,0,1,0,6.855,4,tt1800241,7.2,92.0,90.0,0,0,0,0,0,1,0,1,0,0,0,0,0,0,0,0,0,0,0,0,0,1,1,1,1
2013,Captain Phillips,0,2h 13m,0,0,0,0,0,7.549,4,tt1535109,7.8,93.0,82.0,1,0,0,0,0,0,0,1,0,0,0,0,0,0,0,0,0,0,0,0,0,0,0,0,1
2013,Dallas Buyers Club,0,1h 57m,1,0,0,0,0,7.93,4,tt0790636,7.9,92.0,77.0,0,0,0,0,0,0,0,1,0,0,0,0,0,1,0,0,0,0,0,0,0,1,1,0,1
2013,Gravity,0,1h 31m,1,0,0,0,0,7.163,4,tt1454468,7.7,96.0,96.0,0,0,0,0,0,0,0,1,0,0,0,0,0,0,0,0,0,1,0,0,0,0,0,0,1
2013,Her,0,1h 59m,1,0,0,0,0,7.859,4,tt1798709,8.0,94.0,91.0,0,0,0,0,1,0,0,1,0,0,0,0,0,0,0,0,0,0,0,0,0,0,0,0,1
2013,Nebraska,0,1h 54m,0,0,0,0,0,7.427,3,tt1821549,7.7,91.0,86.0,0,0,0,0,1,0,0,1,0,0,0,0,0,0,0,0,0,0,0,0,0,0,0,0,1
2013,Philomena,0,1h 37m,0,0,0,0,0,7.362,4,tt2431286,7.6,91.0,77.0,0,0,0,0,1,0,0,1,0,0,0,0,0,0,0,0,0,0,0,0,0,0,0,0,1
2013,12 Years a Slave,1,2h 14m,0,0,0,0,0,7.946,4,tt2024544,8.1,95.0,96.0,0,0,0,0,0,0,0,1,0,1,0,0,0,0,0,0,0,0,0,0,0,0,0,0,1
2013,The Wolf of Wall Street,0,2h 59m,0,0,0,0,0,8.034,4,tt0993846,8.2,80.0,75.0,0,0,0,0,1,0,0,1,0,0,0,0,0,0,0,0,0,0,0,0,0,0,0,0,0
2014,American Sniper,0,2h 12m,0,0,0,0,0,7.43,4,tt2179136,7.3,72.0,72.0,0,0,0,1,0,0,0,0,0,0,0,0,0,0,0,0,0,0,1,0,0,0,1,1,0
2014,Birdman or (The Unexpected Virtue of Ignorance),1,,0,0,0,0,0,7.468,4,tt2562232,7.7,91.0,87.0,0,0,0,0,0,0,0,0,0,0,0,0,0,0,0,0,0,0,0,0,0,0,0,0,0
2014,Boyhood,0,2h 45m,1,0,0,0,0,7.507,2,tt1065073,7.9,97.0,100.0,0,0,0,0,0,0,0,1,0,0,0,0,0,0,0,0,0,0,0,0,0,0,0,0,1
2014,The Grand Budapest Hotel,0,1h 39m,0,0,0,0,0,8.051,1,tt2278388,8.1,92.0,88.0,0,0,0,0,1,0,0,1,0,0,0,0,0,0,0,0,0,0,0,0,0,1,1,1,0
2014,The Imitation Game,0,1h 53m,0,0,0,0,0,8.007,4,tt2084970,8.0,90.0,71.0,0,0,0,0,0,0,0,1,0,1,0,0,0,0,0,0,0,0,0,0,0,1,1,1,1
2014,Selma,0,2h 8m,1,0,0,0,0,7.402,4,tt1020072,7.5,99.0,79.0,0,0,0,0,0,0,0,1,0,1,0,0,0,0,0,0,0,0,0,0,0,0,0,0,1
2014,The Theory of Everything,0,2h 3m,1,0,0,0,0,7.858,4,tt2980516,7.7,80.0,71.0,0,0,0,1,0,0,0,1,0,0,0,0,0,0,0,0,0,0,0,0,0,0,0,0,1
2014,Whiplash,0,18m,1,0,0,0,0,8.383,4,tt2582802,8.5,94.0,89.0,0,0,0,0,0,0,0,1,0,0,0,0,0,0,0,0,0,0,0,0,0,0,0,0,1
2015,The Big Short,0,2h 10m,0,0,0,0,1,7.35,4,tt1596363,7.8,89.0,81.0,0,0,0,0,1,0,0,1,0,0,0,0,0,0,0,0,0,0,0,0,1,0,0,0,0
2015,Bridge of Spies,0,2h 21m,0,0,0,0,0,7.228,4,tt3682448,7.6,91.0,81.0,0,0,0,0,0,0,0,1,0,1,0,0,0,0,0,0,0,0,0,0,0,0,0,0,1
2015,Brooklyn,0,1h 52m,0,0,0,0,1,7.312,4,tt2381111,7.5,97.0,88.0,0,0,0,0,0,0,0,0,0,1,0,0,0,0,0,0,1,0,0,0,1,0,0,0,1
2015,Mad Max: Fury Road,0,,0,0,0,0,1,7.587,2,tt1392190,8.1,97.0,90.0,0,0,0,0,0,0,0,0,0,0,0,0,0,0,0,0,0,0,0,0,1,0,1,1,1
2015,The Martian,0,2h 22m,1,0,0,0,0,7.683,3,tt3659388,8.0,91.0,80.0,0,1,0,0,0,0,0,0,0,0,0,0,0,0,0,0,0,1,0,0,1,0,0,0,1
2015,The Revenant,0,2h 36m,1,0,0,0,1,7.53,4,tt1663202,8.0,78.0,76.0,0,1,0,0,0,0,0,0,0,0,0,0,0,0,0,0,0,0,0,1,1,0,0,0,1
2015,Room,0,1h 58m,1,0,0,0,0,8.031,4,tt3170832,8.1,93.0,86.0,0,0,0,0,0,0,0,1,0,0,0,0,0,0,0,0,0,0,0,0,1,0,0,0,1
2015,Spotlight,1,4m,0,0,0,0,1,7.816,4,tt1895587,8.1,97.0,93.0,0,0,1,0,1,0,0,0,0,0,0,0,0,0,0,0,0,0,0,0,1,0,0,0,1
2016,Arrival,0,1h 47m,0,0,0,0,1,7.594,4,tt2543164,7.9,94.0,81.0,0,0,0,0,0,0,0,0,0,0,0,0,0,0,0,0,0,1,0,0,1,0,0,0,1
2016,Fences,0,8m,1,0,0,0,0,6.877,4,tt2671706,7.2,92.0,79.0,0,0,0,0,0,0,0,1,0,0,0,0,0,0,0,0,0,0,0,0,0,0,0,0,1
2016,Hacksaw Ridge,0,2h 19m,0,0,0,0,1,8.2,4,tt2119532,8.1,84.0,71.0,0,0,0,0,0,0,0,0,0,1,0,0,0,0,0,0,0,0,1,0,1,0,1,0,1
2016,Hell or High Water,0,1h 37m,0,0,0,0,0,7.3,3,tt2582782,7.6,97.0,88.0,0,0,0,0,0,1,0,1,0,0,0,0,0,0,0,0,0,0,0,0,1,0,0,0,1
2016,Hidden Figures,0,2h 7m,0,0,0,1,0,8.057,4,tt4846340,7.8,93.0,74.0,0,0,0,0,0,0,0,1,0,1,0,0,0,0,0,0,0,0,0,0,1,1,1,0,1
2016,La La Land,0,2h 8m,1,1,0,0,1,7.9,4,tt3783958,8.0,91.0,94.0,0,0,0,0,0,0,0,0,0,0,0,0,0,0,1,0,1,0,0,0,1,0,0,1,1
2016,Lion,0,2h 25m,0,0,0,0,1,8.08,4,tt3741834,8.0,84.0,69.0,1,0,0,0,0,0,0,1,0,0,0,0,0,0,0,0,0,0,0,0,1,0,0,0,1
2016,Manchester by the Sea,0,2h 17m,1,0,0,0,1,7.545,4,tt4034228,7.8,96.0,96.0,0,0,0,0,0,0,0,1,0,0,0,0,0,0,0,0,0,0,0,0,1,0,0,0,1
2016,Moonlight,1,1h 51m,0,0,0,0,0,7.392,4,tt4975722,7.4,98.0,99.0,0,0,0,0,0,0,0,1,0,0,0,0,0,1,0,0,0,0,0,0,1,0,0,0,1
2017,Call Me by Your Name,0,2h 12m,0,0,0,0,1,8.158,3,tt5726616,7.8,94.0,94.0,0,0,0,0,0,0,0,1,0,0,0,0,0,0,0,0,1,0,0,0,1,0,0,0,0
2017,Darkest Hour,0,2h 5m,1,0,0,0,1,7.353,4,tt4555426,7.4,84.0,75.0,0,0,0,0,0,0,0,1,0,1,0,0,0,0,0,0,0,0,0,0,1,0,0,0,1
2017,Dunkirk,0,2h 15m,0,0,0,0,1,7.454,3,tt5013056,7.8,92.0,94.0,0,0,0,0,0,0,0,0,0,0,0,0,0,0,0,0,0,0,1,0,1,0,0,0,1
2017,Get Out,0,1h 44m,0,0,0,0,0,7.618,1,tt5052448,7.8,98.0,85.0,0,0,0,0,0,0,0,0,0,0,0,1,0,0,0,1,0,0,0,0,1,1,1,1,1
2017,Lady Bird,0,1h 34m,1,0,0,0,0,7.3,3,tt4925292,7.4,99.0,93.0,0,0,0,0,1,0,0,1,0,0,0,0,0,0,0,0,0,0,0,0,1,0,0,0,1
2017,Phantom Thread,0,2h 10m,0,0,0,0,1,7.306,4,tt5776858,7.4,91.0,90.0,0,0,0,0,0,0,0,1,0,0,0,0,0,0,0,0,1,0,0,0,1,0,0,0,1
2017,The Post,0,1h 55m,0,0,0,0,0,6.999,4,tt6294822,7.2,88.0,83.0,0,0,0,0,0,0,0,1,0,1,0,0,0,0,0,0,0,0,0,0,0,0,0,0,1
2017,The Shape of Water,1,2h 3m,1,1,1,0,1,7.247,4,tt5580390,7.3,92.0,87.0,0,0,0,0,0,0,0,0,1,0,0,0,0,0,0,0,1,0,0,0,1,0,1,1,1
2017,"Three Billboards outside Ebbing, Missouri",0,,0,0,0,0,0,8.079,4,tt5027774,8.1,90.0,88.0,0,0,0,0,0,0,0,0,0,0,0,0,0,0,0,0,0,0,0,0,0,0,0,0,0
2018,Black Panther,0,2h 14m,0,0,0,0,1,7.4,1,tt1825683,7.3,96.0,88.0,1,1,0,0,0,0,0,0,0,0,0,0,0,0,0,0,0,0,0,0,1,0,0,0,1
2018,BlacKkKlansman,0,2h 14m,0,0,0,0,1,7.516,3,tt7349662,7.5,96.0,83.0,0,0,0,0,1,0,0,1,0,0,0,0,0,0,0,0,0,0,0,0,1,1,1,1,1
2018,Bohemian Rhapsody,0,2h 15m,1,0,0,0,1,7.992,4,tt1727824,7.9,60.0,49.0,0,0,0,1,0,0,0,0,0,1,0,0,0,0,0,0,0,0,0,0,1,0,0,0,1
2018,The Favourite,0,2h 0m,0,0,0,0,1,7.532,4,tt5083738,7.5,93.0,91.0,0,0,0,0,1,0,0,1,0,0,0,0,0,0,0,0,0,0,0,0,1,0,1,0,0
2018,Green Book,1,2h 10m,1,0,0,0,0,8.243,4,tt6966692,8.2,77.0,69.0,0,0,0,0,1,0,0,1,0,0,0,0,0,0,0,0,0,0,0,0,1,0,0,0,1
2018,Roma,0,2h 15m,1,0,0,0,1,7.2,1,tt6155172,7.7,96.0,96.0,0,0,0,0,0,0,0,1,0,0,0,0,0,0,0,0,0,0,0,0,1,0,0,0,1
2018,A Star Is Born,0,2h 15m,0,0,0,0,1,7.501,4,tt1517451,7.6,90.0,88.0,0,0,0,0,0,0,0,1,0,0,0,0,0,0,0,0,1,0,0,0,1,0,0,0,0
2018,Vice,0,1h 30m,1,0,0,0,1,7.044,4,tt6266538,7.2,65.0,61.0,0,0,0,0,1,0,0,1,0,0,0,0,0,0,0,0,0,0,0,0,1,0,0,0,1
2019,Ford v Ferrari,0,2h 32m,0,0,0,0,0,8.009,4,tt1950186,8.1,92.0,81.0,0,0,0,0,0,0,0,1,0,1,0,0,0,0,0,0,0,0,0,0,0,0,1,0,1
2019,The Irishman,0,3h 29m,0,0,0,0,0,7.613,4,tt1302006,7.8,95.0,94.0,0,0,0,0,0,1,0,1,0,0,0,0,0,0,0,0,0,0,0,0,1,1,1,1,0
2019,Jojo Rabbit,0,1h 48m,0,0,0,0,1,8.0,4,tt2584384,7.9,80.0,58.0,0,0,0,0,1,0,0,1,0,0,0,0,0,0,0,0,0,0,0,0,1,1,1,1,1
2019,Joker,0,1h 30m,1,0,0,0,1,8.166,4,tt7286456,8.4,69.0,59.0,1,1,0,0,0,0,0,0,0,0,0,0,0,0,0,0,0,0,0,0,1,0,0,0,1
2019,Little Women,0,1h 10m,0,0,0,0,1,7.9,4,tt3281548,7.8,95.0,91.0,0,0,0,0,0,0,0,1,0,0,0,0,0,0,1,0,0,0,0,0,1,0,0,0,1
2019,Marriage Story,0,2h 16m,1,0,0,0,1,7.747,3,tt7653254,7.9,95.0,94.0,0,0,0,0,0,0,0,1,0,0,0,0,0,0,0,0,0,0,0,0,1,0,1,0,1
2019,1917,0,1h 59m,1,0,0,0,1,7.992,4,tt8579674,8.2,89.0,78.0,0,0,0,0,0,0,0,0,0,1,0,0,0,0,0,0,0,0,1,0,1,0,0,0,1
2019,Once upon a Time...in Hollywood,0,,0,0,0,0,0,7.44,3,tt7131622,7.6,85.0,83.0,0,0,0,0,0,0,0,0,0,0,0,0,0,0,0,0,0,0,0,0,0,0,0,0,0
2019,Parasite,1,1h 30m,0,0,0,0,1,4.764,1,tt6751668,8.5,99.0,96.0,0,0,0,0,0,0,0,0,0,0,0,1,0,0,0,0,0,1,0,0,1,0,0,0,1
2020,The Father,0,1h 40m,0,0,0,0,0,8.143,4,tt10272386,8.2,98.0,88.0,0,0,0,0,0,0,0,1,0,0,0,0,0,0,0,0,0,0,0,0,0,0,0,0,0
2020,Judas and the Black Messiah,0,2h 6m,0,0,0,0,0,7.345,1,,,,,0,0,0,0,0,0,0,1,0,1,0,0,0,0,0,0,0,0,0,0,0,0,1,0,0
2020,Mank,0,2h 12m,0,0,0,0,0,6.727,4,tt10618286,6.8,83.0,79.0,0,0,0,1,1,0,0,0,0,0,0,0,0,0,0,0,0,0,0,0,0,0,1,1,0
2020,Minari,0,1h 55m,0,0,0,0,0,7.362,1,tt10633456,7.4,98.0,89.0,0,0,0,0,0,0,0,1,0,0,0,0,0,0,0,0,0,0,0,0,0,0,0,0,0
2020,Nomadland,1,1h 48m,0,0,0,0,0,7.222,1,tt9770150,7.3,93.0,91.0,0,0,0,0,0,0,0,1,0,0,0,0,0,0,0,0,0,0,0,0,0,0,0,0,0
2020,Promising Young Woman,0,1h 53m,0,0,0,0,0,7.5,4,tt9620292,7.5,90.0,72.0,0,0,0,0,1,0,0,0,0,0,0,0,0,0,0,1,0,0,0,0,0,0,1,1,0
2020,Sound of Metal,0,2h 0m,0,0,0,0,0,7.744,4,,,,,0,0,0,0,0,0,0,1,0,0,0,0,0,0,0,0,0,0,0,0,0,0,1,0,0
2020,The Trial of the Chicago 7,0,2h 9m,0,0,0,1,0,7.717,3,tt1070874,7.7,89.0,76.0,0,0,0,0,0,0,0,1,0,1,0,0,0,0,0,0,0,0,0,0,0,1,1,1,0
2021,Belfast,0,1h 37m,0,0,0,0,0,7.117,4,tt12789558,7.2,86.0,75.0,0,0,0,0,0,0,0,1,0,0,0,0,0,0,0,0,0,0,0,0,0,0,0,0,0
2021,CODA,1,1h 51m,0,0,0,0,0,7.95,3,tt10366460,8.0,94.0,72.0,0,0,0,0,0,0,0,1,0,0,0,0,0,0,0,0,0,0,0,0,0,0,0,0,0
2021,Don't Look Up,0,,0,0,0,0,0,7.127,4,tt11286314,7.2,,49.0,0,0,0,0,0,0,0,0,0,0,0,0,0,0,0,0,0,0,0,0,0,1,1,0,0
2021,Drive My Car,0,2h 59m,0,0,0,0,0,7.414,3,tt14039582,7.5,97.0,91.0,0,0,0,0,0,0,0,1,0,0,0,0,0,0,0,0,0,0,0,0,0,0,0,0,0
2021,Dune,0,2h 35m,0,0,0,0,0,7.783,3,tt1160419,8.0,83.0,74.0,0,1,0,0,0,0,0,0,0,0,0,0,0,0,0,0,0,1,0,0,0,0,0,0,0
2021,King Richard,0,2h 26m,0,0,0,0,0,7.698,4,tt9620288,7.5,90.0,76.0,0,0,0,1,0,0,0,1,0,0,0,0,0,0,0,0,0,0,0,0,0,0,0,0,0
2021,Licorice Pizza,0,2h 13m,0,0,0,0,0,6.998,4,tt11271038,7.1,90.0,90.0,0,0,0,0,1,0,0,0,0,0,0,0,0,0,0,0,0,0,0,0,0,0,1,1,0
2021,Nightmare Alley,0,1h 51m,0,0,0,0,0,7.001,4,tt7740496,7.0,80.0,70.0,0,0,0,0,0,1,0,1,0,0,0,0,0,0,0,0,0,0,0,0,0,0,0,0,0
2021,The Power of the Dog,0,2h 8m,0,0,0,0,0,6.784,4,tt10293406,6.8,94.0,89.0,0,0,0,0,0,0,0,1,0,0,0,0,0,0,0,0,0,0,0,1,0,0,0,0,0
2021,West Side Story,0,2h 31m,1,0,0,0,0,7.262,4,tt3581652,7.1,91.0,85.0,0,0,0,0,0,0,0,0,0,0,0,0,0,0,1,0,0,0,0,0,1,0,0,0,1
2022,All Quiet on the Western Front,0,1h 45m,0,0,0,0,0,7.739,4,tt1016150,7.8,90.0,76.0,0,0,0,0,0,0,0,0,0,0,0,0,0,0,0,0,0,0,1,0,0,0,0,0,0
2022,Avatar: The Way of Water,0,,0,0,0,0,0,7.639,4,tt1630029,7.6,76.0,67.0,0,0,0,0,0,0,0,0,0,0,0,0,0,0,0,0,0,0,0,0,0,0,1,0,0
2022,The Banshees of Inisherin,0,1h 49m,0,0,0,0,0,7.458,4,tt11813216,7.7,96.0,87.0,0,0,0,0,1,0,0,0,0,0,0,0,0,0,0,0,0,0,0,0,0,1,1,1,0
2022,Elvis,0,2h 39m,1,0,0,0,0,7.57,2,tt3704428,7.3,77.0,64.0,0,0,0,1,0,0,0,1,0,0,0,0,0,0,0,0,0,0,0,0,0,0,0,0,1
2022,Everything Everywhere All at Once,1,2h 12m,0,1,1,1,0,7.81,1,tt6710474,7.8,94.0,81.0,0,1,0,0,1,0,0,0,0,0,0,0,0,0,0,0,0,0,0,0,0,1,1,1,0
2022,The Fabelmans,0,2h 31m,0,0,0,0,0,7.688,4,tt14208870,7.5,92.0,84.0,0,0,0,0,0,0,0,1,0,0,0,0,0,0,0,0,0,0,0,0,0,1,1,1,0
2022,Tr,0,,0,0,0,0,0,7.145,3,tt14444726,7.4,,92.0,0,0,0,0,0,0,0,0,0,0,0,0,0,0,0,0,0,0,0,0,0,0,1,1,0
2022,Top Gun: Maverick,0,,0,0,0,0,0,8.235,2,tt1745960,8.3,96.0,78.0,0,0,0,0,0,0,0,0,0,0,0,0,0,0,0,0,0,0,0,0,0,0,1,1,0
2022,Triangle of Sadness,0,2h 29m,0,0,0,0,0,7.1,3,tt7322224,7.3,72.0,63.0,0,0,0,0,1,0,0,0,0,0,0,0,0,0,0,0,0,0,0,0,0,0,0,0,0
2022,Women Talking,0,1h 44m,0,0,0,0,0,6.919,4,tt13669038,6.9,90.0,79.0,0,0,0,0,0,0,0,1,0,0,0,0,0,0,0,0,0,0,0,0,0,0,0,0,0
